Gene Symbol,Name,Entrez GeneId,Genome Location,Tier,Hallmark,Chr Band,Somatic,Germline,Tumour Types(Somatic),Tumour Types(Germline),Cancer Syndrome,Tissue Type,Molecular Genetics,Role in Cancer,Mutation Types,Translocation Partner,Other Germline Mut,Other Syndrome,Synonyms,gene_id,gene_type
ABL2,"c-abl oncogene 2, non-receptor tyrosine kinase",27.0,1:179099327-179229601,1,,1q25.2,yes,,AML,,,L,Dom,"oncogene, fusion",T,ETV6,,,"ABLL,ARG,CCDS30947.1,ENSG00000143322.19,NM_007314.3,NP_009298,P42684",ENSG00000143322.21,protein_coding
ACKR3,atypical chemokine receptor 3,57007.0,2:236569641-236582358,1,Yes,2q37.3,yes,,lipoma,,,M,Dom,"oncogene, fusion",T,HMGA2,,,"CCDS2516.1,CMKOR1,CXCR7,ENSG00000144476.5,GPR159,NM_020311.2,NP_064707,P25106,RDC1",ENSG00000144476.6,protein_coding
AKT2,v-akt murine thymoma viral oncogene homolog 2,208.0,19:40230317-40285395,1,Yes,19q13.2,yes,,"ovarian, pancreatic",,,E,Dom,oncogene,A,,,,"CCDS12552.1,ENSG00000105221.16,NM_001626.5,NP_001617,P31751",ENSG00000105221.18,protein_coding
AKT3,v-akt murine thymoma viral oncogene homolog 3,10000.0,1:243499720-243843282,2,,1q44,yes,,GBM,,,O,,oncogene,A,,,,"CCDS31077.1,ENSG00000117020.16,NM_005465.4,NP_005456,PKBG,PRKBG,Q9Y243,RAC-gamma",ENSG00000117020.19,protein_coding
APOBEC3B,apolipoprotein B mRNA editing enzyme catalytic subunit 3B,9582.0,22:38982409-38992784,1,Yes,22q13.1,,yes,,breast cancer,,E,Rec,"oncogene, TSG",D,,,,"CCDS13982.1,ENSG00000179750.15,FLJ21201,NM_004900.4,NP_004891,NP_004891.4,PHRBNL,Q9UH17",ENSG00000179750.16,protein_coding
ASPM,Assembly Factor For Spindle Microtubules,259266.0,1:197084128-197146694,2,,1q31.3,yes,yes,"breast cancer, lung cancer, endometrial cancer, melanoma",,nevoid basal cell carcinoma syndrome,"E, O",,,"A, F, Mis, N",,,,"ASP,CCDS1389.1,Calmbp1,ENSG00000066279.17,FLJ10517,FLJ10549,MCPH5,NM_018136.4,NP_060606,Q8IZT6",ENSG00000066279.19,protein_coding
ATIC,5-aminoimidazole-4-carboxamide ribonucleotide formyltransferase/IMP cyclohydrolase,471.0,2:215311817-215349763,1,,2q35,yes,,ALCL,,,L,Dom,fusion,T,ALK,,,"AICARFT,CCDS2398.1,ENSG00000138363.14,IMPCHASE,NM_004044.6,NP_004035,P31939,PURH",ENSG00000138363.15,protein_coding
ATM,ataxia telangiectasia mutated,472.0,11:108222832-108369099,1,Yes,11q22.3,yes,yes,T-PLL,"leukaemia, lymphoma, medulloblastoma, glioma",ataxia-telangiectasia,"L, O",Rec,TSG,"D, Mis, N, F, S",,,,"ATA,ATC,ATD,ATDC,CCDS31669.1,ENSG00000149311.18,NM_000051.3,NP_000042,Q13315,TEL1,TELO1",ENSG00000149311.20,protein_coding
ATP1A1,"ATPase, Na+/K+ transporting, alpha 1 polypeptide",476.0,1:116373867-116404772,1,Yes,1p13.1,yes,,adrenal aldosterone producing adenoma,,,E,Dom,"oncogene, TSG","Mis, O",,,,"CCDS53351.1,ENSG00000163399.15,NM_001160233.1,NP_001153705,P05023",ENSG00000163399.16,protein_coding
B2M,beta-2-microglobulin,567.0,15:44711477-44718877,1,Yes,15q21.1,yes,,"DLBCL, melanoma, colorectal adenocarcinoma",,,"E, L",Rec,TSG,"Mis, N, F",,yes,Immunodeficiency 43,"CCDS10113.1,ENSG00000166710.17,NM_004048.2,NP_004039,P61769",ENSG00000166710.23,protein_coding
BCL11A,B-cell CLL/lymphoma 11A,53335.0,2:60457192-60555154,1,Yes,2p16.1,yes,,B-CLL,,,L,Dom,"oncogene, fusion",T,IGH,,,"BCL11A-L,BCL11A-S,BCL11A-XL,CCDS1862.1,CTIP1,ENSG00000119866.21,EVI9,HBFQTL5,NM_022893.3,NP_075044,ZNF856",ENSG00000119866.22,protein_coding
BCL11B,B-cell CLL/lymphoma 11B  (CTIP2),64919.0,14:99169287-99271228,1,,14q32.2,yes,,T-ALL,,,L,Dom,"oncogene, TSG, fusion",T,TLX3,,,"CCDS9950.1,CTIP-2,CTIP2,ENSG00000127152.17,NM_138576.3,NP_612808,NP_001269166.1,Q9C0K0,ZNF856B,hRIT1-alpha",ENSG00000127152.18,protein_coding
BCL6,B-cell CLL/lymphoma 6,604.0,3:187721377-187745727,1,,3q27.3,yes,,"NHL, CLL",,,L,Dom,"oncogene, fusion","T, Mis","IG loci, ZNFN1A1, LCP1, PIM1, TFRC, CIITA, NACA, HSPCB, HSP90AA1, HIST1H4I, IL21R,  POU2AF1, RHOH, EIF4A2, SRSF3",,,"BCL5,BCL6A,CCDS3289.1,ENSG00000113916.17,LAZ3,NM_001706.4,NP_001697,P41182,ZBTB27,ZNF51",ENSG00000113916.18,protein_coding
BIRC3,baculoviral IAP repeat-containing 3,330.0,11:102317495-102337734,1,Yes,11q22.2,yes,,"CLL, MALT, MCL, MM",,,L,Dom,"oncogene, TSG, fusion","D, F, N, T, Mis",MALT1,,,"API2,CCDS8315.1,ENSG00000023445.13,MALT2,MIHC,Q13489,RNF49,c-IAP2,cIAP2,hiap-1",ENSG00000023445.16,protein_coding
BLM,Bloom Syndrome,641.0,15:90717327-90816165,1,Yes,15q26.1,,yes,,"leukaemia, lymphoma, skin squamous cell, other tumour types",Bloom syndrome,"L, E",Rec,TSG,"Mis, N, F",,,,"BS,CCDS10363.1,ENSG00000197299.10,NM_001287248.1,NP_001274175,NP_000048,NP_001274177.1,P54132,RECQ2,RECQL3",ENSG00000197299.13,protein_coding
BRCA1,familial breast/ovarian cancer gene 1,672.0,17:43044295-43125483,1,Yes,17q21.31,yes,yes,ovarian,"breast, ovarian",hereditary breast/ovarian cancer,E,Rec,TSG,"D, Mis, N, F, S",,,,"BRCC1,CCDS11456.2,ENSG00000012048.21,FANCS,NM_007300.3,NP_009231,P38398,PPP1R53,RNF53",ENSG00000012048.23,protein_coding
BRIP1,BRCA1 interacting protein C-terminal helicase 1,83990.0,17:61681266-61863521,1,Yes,17q23.2,,yes,,"AML, leukaemia, breast","Fanconi anaemia J, breast cancer susceptiblity","L, E",Rec,TSG,"F, N, Mis",,,,"BACH1,CCDS11631.1,ENSG00000136492.8,FANCJ,NM_032043.2,NP_114432,OF,Q9BX63",ENSG00000136492.10,protein_coding
BTG1,"B-cell translocation gene 1, anti-proliferative",694.0,12:92140278-92145897,1,,12q21.33,yes,,B-CLL,,,L,Dom,"TSG, fusion",T,MYC,,,"APRO2,CCDS9043.1,ENSG00000133639.4,NM_001731.2,NP_001722,P62324",ENSG00000133639.6,protein_coding
BTG2,BTG Anti-Proliferation Factor 2,7832.0,1:203305536-203309602,2,,1q32.1,yes,,DLBCL,,,L,,TSG,Mis,,,,"APRO1,CCDS1437.1,ENSG00000159388.5,MGC126063,MGC126064,NM_006763.2,NP_006754,P78543,PC3,TIS21",ENSG00000159388.6,protein_coding
BTK,Bruton agammaglobulinemia tyrosine kinase,695.0,X:101349447-101390796,1,Yes,Xq22.1,yes,,"CLL, mantle cell lymphoma, WM",,,L,Dom,"oncogene, TSG",Mis,,yes,agammaglobulinemia,"AGMX1,ATK,CCDS76003.1,ENSG00000010671.15,IMD1,NM_001287344.1,NP_001274273,PSCTK1,Q06187,XLA",ENSG00000010671.18,protein_coding
BUB1B,BUB1 budding uninhibited by benzimidazoles 1 homolog beta (yeast),701.0,15:40161026-40221136,1,Yes,15q15.1,,yes,,rhabdomyosarcoma,mosaic variegated aneuploidy,M,Rec,TSG,"Mis, N, F, S",,,,"BUBR1,Bub1A,CCDS10053.1,ENSG00000156970.12,MAD3L,NM_001211.5,NP_001202,NP_001202.4,O60566,SSK1",ENSG00000156970.13,protein_coding
CALR,calreticulin,811.0,19:12938607-12944489,1,Yes,19p13.13,yes,,"MPN, MDS",,,L,Dom,oncogene,"F, Mis",,,,"CCDS12288.1,CRT,ENSG00000179218.13,FLJ26680,NM_004343.3,NP_004334,P27797,RO,SSA,cC1qR",ENSG00000179218.15,protein_coding
CARD11,"caspase recruitment domain family, member 11",84433.0,7:2906141-3043945,1,Yes,7p22.2,yes,,DLBCL,,,L,Dom,oncogene,Mis,,,,"BIMP3,CARMA1,CCDS5336.2,ENSG00000198286.9,NM_032415.5,NP_001311210,NP_115791,Q9BXL7",ENSG00000198286.10,protein_coding
CASP3,caspase 3,836.0,4:184627696-184649475,2,,4q35.1,yes,,ovarian cancer,,,E,,TSG,D,,,,"CCDS3836.1,CPP32,CPP32B,ENSG00000164305.18,NM_004346.3,NP_004337,NP_001341709.1,NP_001341707.1,NP_001341706.1,P42574,Yama,apopain",ENSG00000164305.19,protein_coding
CBL,Cas-Br-M (murine) ecotropic retroviral transforming,867.0,11:119206276-119308149,1,Yes,11q23.3,yes,,"AML, JMML, MDS",,,L,Dom/Rec,"oncogene, TSG, fusion","T, Mis, S, O",KMT2A,,,"CBL2,CCDS8418.1,ENSG00000110395.6,NM_005188.3,NP_005179,P22681,RNF55,c-Cbl",ENSG00000110395.7,protein_coding
CBLB,Cas-Br-M (murine) ecotropic retroviral transforming sequence b,868.0,3:105655461-105869043,1,Yes,3q13.11,yes,,AML,,,L,Rec,TSG,"Mis, S",,,,"CCDS2948.1,Cbl-b,ENSG00000114423.19,NM_170662.4,NP_001308717,NP_733762,NP_001308745.1,NP_001308736.1,NP_001308723.1,NP_001308749.1,NP_001308720.1,NP_001308740.1,NP_001308728.1,NP_001308727.1,NP_001308735.1,NP_001308726.1,NP_001308722.1,NP_001308724.1,NP_001308751.1,NP_001308725.1,NP_001308737.1,Q13191,RNF56",ENSG00000114423.23,protein_coding
CCND1,cyclin D1,595.0,11:69641087-69654474,1,Yes,11q13.3,yes,,"CLL, B-ALL, breast",,,"L, E",Dom,"oncogene, fusion",T,"IGH, FSTL3",,,"BCL1,CCDS8191.1,D11S287E,ENSG00000110092.3,NM_053056.2,NP_444284,P24385,PRAD1,U21B31",ENSG00000110092.4,protein_coding
CCND2,cyclin D2,894.0,12:4273772-4305350,1,Yes,12p13.32,yes,,"NHL,CLL",,,L,Dom,"oncogene, fusion",T,IGL,,,"CCDS8524.1,ENSG00000118971.7,NM_001759.3,NP_001750,P30279",ENSG00000118971.9,protein_coding
CCNE1,cyclin E1,898.0,19:29811898-29824308,1,Yes,19q12,yes,,serous ovarian,,,E,Dom,oncogene,A,,,,"CCDS12419.1,CCNE,ENSG00000105173.13,NM_001322261.1,NP_001229,NP_001309190.1,NP_001309188.1,P24864",ENSG00000105173.14,protein_coding
CCR7,C-C motif chemokine receptor 7,1236.0,17:40553769-40565472,2,,17q21.2,yes,,adult T-cell leukaemia/lymphoma,,,L,,oncogene,N,,,,"BLR2,CCDS11369.1,CD197,CDw197,CMKBR7,EBI1,ENSG00000126353.3,NM_001838.3,NP_001829,P32248",ENSG00000126353.3,protein_coding
CD274,CD274 molecule,29126.0,9:5450525-5470547,1,,9p24.1,yes,,"PMBL, Hodgkin lymphoma",,,L,Dom,"TSG, fusion",T,CIITA,,,"B7-H,B7-H1,B7H1,CCDS6464.1,ENSG00000120217.13,NM_014143.3,NP_054862,PD-L1,PDCD1LG1,PDL1,Q9NZQ7",ENSG00000120217.14,protein_coding
CD28,CD28 molecule,940.0,2:203706548-203738912,2,,2q33.2,yes,,T-cell lymphoma,,,L,,oncogene,Mis,,,,"CCDS2361.1,ENSG00000178562.17,NM_006139.3,NP_006130,NP_001230006.1,P10747",ENSG00000178562.18,protein_coding
CD74,"CD74 molecule, major histocompatibility complex, class II invariant chain",972.0,5:150402152-150412751,1,,5q33.1,yes,,NSCLC,,,E,Dom,"oncogene, fusion",T,"ROS1, NRG1",,,"CCDS47309.1,DHLAG,ENSG00000019582.14,NM_001025159.2,NP_001020330,P04233",ENSG00000019582.17,protein_coding
CD79A,"CD79a molecule, immunoglobulin-associated alpha",973.0,19:41877120-41881372,1,Yes,19q13.2,yes,,"DLBCL, WM",,,L,Dom,oncogene,S,,yes,Agammaglobulinaemia,"CCDS12589.1,ENSG00000105369.9,IGA,MB-1,NM_001783.3,NP_001774,P11912",ENSG00000105369.10,protein_coding
CD79B,"CD79b molecule, immunoglobulin-associated beta",974.0,17:63928740-63932336,1,Yes,17q23.3,yes,,"DLBCL, WM",,,L,Dom,oncogene,"Mis, S",,yes,Agammaglobulinaemia,"B29,CCDS42372.1,ENSG00000007312.12,IGB,NM_001039933.1,NP_001035022,P40259",ENSG00000007312.13,protein_coding
CDH1,"cadherin 1, type 1, E-cadherin (epithelial) (ECAD)",999.0,16:68737225-68835548,1,Yes,16q22.1,yes,yes,"lobular breast, gastric",gastric,familial gastric carcinoma,E,Rec,TSG,"Mis, N, F, S",,,,"CCDS10869.1,CD324,ENSG00000039068.18,NM_004360.4,NP_004351,P12830,UVO,uvomorulin",ENSG00000039068.20,protein_coding
CDH11,"cadherin 11, type 2, OB-cadherin (osteoblast)",1009.0,16:64943753-65122198,1,Yes,16q21,yes,,aneurysmal bone cyst,,,M,Dom,"TSG, fusion",T,USP6,,,"CAD11,CCDS10803.1,ENSG00000140937.13,NM_001797.3,NP_001788,OB,P55287",ENSG00000140937.14,protein_coding
CDK4,cyclin-dependent kinase 4,1019.0,12:57747727-57752521,1,Yes,12q14.1,,yes,,melanoma,familial malignant melanoma,E,Dom,oncogene,Mis,,,,"CCDS8953.1,ENSG00000135446.16,NM_000075.3,NP_000066,P11802,PSK-J3",ENSG00000135446.17,protein_coding
CDK6,cyclin-dependent kinase 6,1021.0,7:92604921-92833917,1,Yes,7q21.2,yes,,ALL,,,L,Dom,"oncogene, fusion",T,MLLT10,,,"CCDS5628.1,ENSG00000105810.9,NM_001259.6,NP_001250,PLSTIRE,Q00534",ENSG00000105810.10,protein_coding
CDKN1A,cyclin dependent kinase inhibitor 1A,1026.0,6:36678710-36687337,2,,6p21.2,yes,,bladder cancer,,,E,,"oncogene, TSG","F, N",,,,"CAP20,CCDS4824.1,CDKN1,CIP1,ENSG00000124762.13,NM_001220778.1,NP_001207707,P21,P38936,SDI1,WAF1,p21,p21CIP1,p21Cip1/Waf1",ENSG00000124762.14,protein_coding
CDKN1B,"cyclin-dependent kinase inhibitor 1B (p27, Kip1)",1027.0,12:12717124-12722371,1,Yes,12p13.1,yes,yes,"breast, small intestine neuroendocrine tumours","pituitary, parathyroid",multiple endocrine neoplasia type IV,E,Rec,TSG,F,,,,"CCDS8653.1,ENSG00000111276.10,KIP1,NM_004064.4,NP_004055,P27KIP1,P46527",ENSG00000111276.12,protein_coding
CDKN2A,cyclin-dependent kinase inhibitor 2A (p16(INK4a)) gene,1029.0,9:21968056-21974866,1,Yes,9p21.3,yes,yes,"melanoma, multiple other tumour types","melanoma, pancreatic",familial malignant melanoma,"L, E, M, O",Rec,TSG,"D, Mis, N, F, S",,,,"ARF,CCDS56565.1,CDK4I,CDKN2,CMM2,ENSG00000147889.17,INK4,INK4a,MLM,MTS1,NP_001182061.1,P42771,p14,p14ARF,p16,p16INK4a,p19,p19Arf",ENSG00000147889.18,protein_coding
CHEK2,CHK2 checkpoint homolog (S. pombe),11200.0,22:28687763-28741838,1,Yes,22q12.1,,yes,,breast,familial breast cancer,E,Rec,TSG,F,,,,"CCDS33629.1,CDS1,CHK2,ENSG00000183765.20,HuCds1,NM_001005735.1,NP_001005735,O96017,PP1425,RAD53,bA444G7",ENSG00000183765.23,protein_coding
CHST11,carbohydrate sulfotransferase 11,50515.0,12:104456973-104762014,2,,12q23.3,yes,,B-CLL,,,L,,"oncogene, fusion",T,,,,"C4ST,C4ST1,C4St-1,CCDS9099.1,ENSG00000171310.10,HSA269537,NM_018413.5,NP_060883,Q9NPF2",ENSG00000171310.11,protein_coding
CIITA,"class II, major histocompatibility complex, transactivator",4261.0,16:10877198-10924983,1,Yes,16p13.13,yes,,"PMBL, Hodgkin lymphoma",,,L,Dom,"TSG, fusion",T,"C15orf55, CD274, PDCD1LG2, RALGDS, RUNDC2A, RMI2, BCL6",,,"C2TA,CCDS73826.1,ENSG00000179583.19,MHC2TA,NLRA,NM_001286402.1,NP_001273331",ENSG00000179583.21,protein_coding
CNTNAP2,contactin associated protein like 2,26047.0,7:146116359-148420998,2,,7q36.1,yes,,"glioma, melanoma",,,"E, O",,TSG,Mis,,,,"CCDS5889.1,Caspr2,ENSG00000174469.20,KIAA0868,NM_014141.5,NP_054860,NRXN4,Q9UHC6",ENSG00000174469.23,protein_coding
COL1A1,"collagen, type I, alpha 1",1277.0,17:50183289-50201632,1,,17q21.33,yes,,"DFSP, aneurysmal bone cyst",,,M,Dom,fusion,T,"PDGFB, USP6",yes,Osteogenesis imperfecta,"CCDS11561.1,ENSG00000108821.13,NP_000079.2,OI4,P02452",ENSG00000108821.14,protein_coding
COL3A1,collagen type III alpha 1 chain,1281.0,2:188974320-189012746,2,,2q32.2,yes,,lipoblastoma,,,E,,fusion,T,PLAG1,,,"CCDS2297.1,EDS4A,ENSG00000168542.14,NM_000090.3,NP_000081,NP_000081.1,P02461",ENSG00000168542.16,protein_coding
CREB1,cAMP responsive element binding protein 1,1385.0,2:207529892-207603431,1,,2q33.3,yes,,"clear cell sarcoma, angiomatoid fibrous histiocytoma",,,M,Dom,"oncogene, fusion",T,EWSR1,,,"CCDS2375.1,ENSG00000118260.14,NM_134442.4,NP_604391,P16220",ENSG00000118260.15,protein_coding
CREB3L1,cAMP responsive element binding protein 3-like 1,90993.0,11:46277661-46321422,1,Yes,11p11.2,yes,,myxofibrosarcoma,,,M,Dom,"TSG, fusion",T,FUS,,,"CCDS53620.1,ENSG00000157613.10,NM_052854.3,NP_443086,OASIS,Q96BA8",ENSG00000157613.11,protein_coding
CSF1R,colony stimulating factor 1 receptor,1436.0,5:150053291-150113372,2,,5q32,yes,,"MDS, CML, AML, hemangioblastoma, CCRCC",,,"L, M, E",,oncogene,"Mis, N",,yes,diffuse leukoencephalopathy with spheroids,"C-FMS,CCDS4302.1,CD115,CSFR,ENSG00000182578.13,FMS,NM_005211.3,NP_001275634,NP_005202,NP_001336665.1,P07333",ENSG00000182578.14,protein_coding
CTNNB1,"catenin (cadherin-associated protein), beta 1",1499.0,3:41220551-41239888,1,Yes,3p22.1,yes,,"colorectal, ovarian,  hepatoblastoma, pleomorphic salivary gland adenoma, other tumour types",,,"E, M, O",Dom,"oncogene, fusion","Mis, O, T",PLAG1,,,"CCDS2694.1,CTNNB,ENSG00000168036.17,armadillo,beta-catenin",ENSG00000168036.18,protein_coding
CUL3,cullin 3,8452.0,2:224470150-224585348,2,,2q36.2,yes,,lung cancer,,,E,,TSG,N,,,,"CCDS2462.1,ENSG00000036257.12,NM_003590.4,NP_003581,Q13618",ENSG00000036257.14,protein_coding
CXCR4,C-X-C motif chemokine receptor 4,7852.0,2:136114349-136116243,1,Yes,2q22.1,yes,yes,WM,,,L,Dom,oncogene,"Mis, N, F",,,,"CCDS33295.1,CD184,D2S201E,ENSG00000121966.6,HM89,HSY3RR,LESTR,NM_001008540.1,NPY3R,NPYR,NPYY3R,NP_001008540,P61073,fusin",ENSG00000121966.8,protein_coding
CYLD,familial cylindromatosis gene,1540.0,16:50742760-50801935,1,Yes,16q12.1,yes,yes,cylindroma,cylindroma,"familial cylindromatosis, familial trichoepithelioma, Brooke-Spiegler syndrome",E,Rec,TSG,"Mis, N, F, S",,,,"CCDS45482.1,CYLD1,ENSG00000083799.17,KIAA0849,Q9NQC7,USPL2",ENSG00000083799.18,protein_coding
CYP2C8,cytochrome P450 family 2 subfamily C member 8,1558.0,10:95036773-95069497,2,,10q23.33,yes,,melanoma,,,E,,,Mis,,,,"CCDS7438.1,CPC8,ENSG00000138115.13,NM_000770.3,NP_000761,P10632",ENSG00000138115.15,protein_coding
CYSLTR2,cysteinyl leukotriene receptor 2,57105.0,13:48706555-48711226,2,,13q14.2,yes,,uveal melanoma,,,E,,oncogene,Mis,,,,"CCDS9412.1,CYSLT2R,CysLT(2),ENSG00000152207.7,NM_001308471.1,NP_001295400,Q9NS75",ENSG00000152207.8,protein_coding
DAXX,death-domain associated protein,1616.0,6:33318558-33323014,1,Yes,6p21.32,yes,,"pancreatic neuroendocrine tumour, paediatric glioblastoma",,,E,Rec,"oncogene, TSG","Mis, F, N",,,,"CCDS4776.1,DAP6,ENSG00000204209.12,NM_001350.4,NP_001341,NP_001135441,NP_001135442.1,Q9UER7",ENSG00000204209.13,protein_coding
DDIT3,DNA-damage-inducible transcript 3,1649.0,12:57516589-57520517,1,Yes,12q13.3,yes,,liposarcoma,,,M,Dom,"oncogene, fusion",T,"FUS, EWSR1",,,"CCDS55838.1,CHOP,CHOP10,ENSG00000175197.12,GADD153,NM_001195056.1,NP_001181985,NP_001181983,NP_001181982,NP_001181984,P35638",ENSG00000175197.13,protein_coding
DDR2,discoidin domain receptor 2,4921.0,1:162632465-162787400,1,Yes,1q23.3,yes,,"squamous cell carcinoma, NSCLC",,,E,Dom,oncogene,"Mis, N",,yes,"Spondylometaepiphyseal dysplasia, short limb-hand type","CCDS1241.1,ENSG00000162733.16,NM_001014796.1,NP_001014796,NP_001341912.1,NP_001341911.1,NTRKR3,Q16832,TKT,TYRO10",ENSG00000162733.19,protein_coding
DNAJB1,DnaJ heat shock protein family (Hsp40) member B1,3337.0,19:14514770-14518420,1,,19p13.12,yes,,fibrolamellar hepatocellular carcinoma,,,E,Dom,fusion,T,PRKACA,,,"CCDS12312.1,ENSG00000132002.7,HSPF1,Hsp40,NM_006145.2,NP_006136,P25685,RSPH16B,Sis1",ENSG00000132002.9,protein_coding
EGFR,"epidermal growth factor receptor (erythroblastic leukemia viral (v-erb-b) oncogene homolog, avian)",1956.0,7:55019101-55211628,1,Yes,7p11.2,yes,yes,"glioma, NSCLC",NSCLC,familial lung cancer,"E, O",Dom,oncogene,"A, O, Mis",,,,"CCDS5514.1,ENSG00000146648.17,ERBB,ERBB1,NM_005228.3,NP_005219,P00533",ENSG00000146648.20,protein_coding
EIF4A2,"eukaryotic translation initiation factor 4A, isoform 2",1974.0,3:186783547-186789900,1,,3q27.3,yes,,NHL,,,L,Dom,fusion,T,BCL6,,,"BM-010,CCDS3282.1,DDX2B,EIF4A,EIF4F,ENSG00000156976.16,NM_001967.3,NP_001958,Q14240",ENSG00000156976.17,protein_coding
ELN,elastin,2006.0,7:74027789-74069907,2,,7q11.23,yes,,B-ALL,,,L,Dom,fusion,T,PAX5,yes,"Supravalvular Aortic Stenosis, Cutis laxa , Williams-Beuren Syndrome","CCDS75616.1,ENSG00000049540.16,NM_001278939.1,NP_001265868,SVAS,WBS,WS",ENSG00000049540.19,protein_coding
EPAS1,endothelial PAS domain protein 1,2034.0,2:46297402-46386703,1,Yes,2p21,yes,,"paraganglioma, pheochromocytoma, central nervous system hemangioblastomas",,,"E, M",Dom,"oncogene, TSG",Mis,,yes,type 3 familial erythrocytosis,"CCDS1825.1,ENSG00000116016.13,HIF2A,HLF,MOP2,NM_001430.4,NP_001421,PASD2,Q99814,bHLHe73",ENSG00000116016.14,protein_coding
ERBB2,"v-erb-b2 erythroblastic leukemia viral oncogene homolog 2, neuro/glioblastoma derived oncogene homolog (avian)",2064.0,17:39700080-39728662,1,Yes,17q12,yes,,"breast, ovarian, other tumour types, NSCLC, gastric",,,E,Dom,"oncogene, fusion","A, Mis, O, T",,,,"CCDS32642.1,CD340,ENSG00000141736.13,HER-2,HER2,NEU,NGL,NM_004448.3,NP_004439,P04626",ENSG00000141736.14,protein_coding
ERBB3,erb-b2 receptor tyrosine kinase 3,2065.0,12:56079861-56103505,1,Yes,12q13.2,yes,,"colon, gastric, head and neck, bladder, skin",,,E,Dom,oncogene,"Mis, N",,,,"CCDS31833.1,ENSG00000065361.15,HER3,LCCS2,NM_001982.3,NP_001973,P21860",ENSG00000065361.17,protein_coding
ESR1,estrogen receptor 1,2099.0,6:151690496-152103274,1,Yes,6q25.2,yes,,breast,,,E,Dom,"oncogene, TSG, fusion","Mis, T",,,,"CCDS5234.1,ENSG00000091831.23,ER-alpha,ESR,Era,NM_001122742.1,NP_001116214,NR3A1,P03372",ENSG00000091831.25,protein_coding
EZH2,enhancer of zeste homolog 2,2146.0,7:148807385-148884278,1,Yes,7q36.1,yes,,DLBCL,,,L,Dom,"oncogene, TSG",Mis,,,,"CCDS5891.1,ENSG00000106462.10,ENX-1,EZH1,KMT6,KMT6A,NM_004456.4,NP_004447,Q15910",ENSG00000106462.12,protein_coding
EZR,ezrin,7430.0,6:158765748-158819412,1,Yes,6q25.3,yes,,NSCLC,,,E,Dom,fusion,T,ROS1,,,"CCDS5258.1,ENSG00000092820.17,NM_001111077.1,NP_001104547,P15311,VIL2",ENSG00000092820.19,protein_coding
FADD,Fas Associated Via Death Domain,8772.0,11:70203163-70207390,2,,11q13.3,yes,yes,"breast cancer, HNSCC",,,"E, L",,,A,,,,"CCDS8196.1,ENSG00000168040.4,GIG3,MORT1,NM_003824.3,NP_003815,Q13158",ENSG00000168040.5,protein_coding
FANCD2,"Fanconi anemia, complementation group D2",2177.0,3:10026414-10099660,1,Yes,3p25.3,,yes,,"AML, leukaemia",Fanconi anaemia D2,L,Rec,TSG,"D, Mis, N, F",,,,"CCDS2595.1,ENSG00000144554.10,FA-D2,FACD,FAD,FANCD,NM_033084.4,NP_149075,Q9BXW9",ENSG00000144554.13,protein_coding
FAS,Fas cell surface death receptor,355.0,10:88990657-89015785,1,Yes,10q23.31,yes,,"TGCT, nasal NK/T lymphoma, skin squamous cell carcinoma-burn scar related",,,"L, E, O",Rec,TSG,Mis,,yes,Autoimmune lymphoproliferative syndrome,"APO-1,APT1,CCDS7393.1,CD95,ENSG00000026103.21,FAS1,NM_000043.5,NP_000034,P25445,TNFRSF6",ENSG00000026103.24,protein_coding
FAT4,FAT atypical cadherin 4,79633.0,4:125316399-125492932,1,Yes,4q28.1,yes,,"lymphoma, pancreatic, head and neck, melanoma, hepatocellular carcinoma",,,"E, L",,TSG,"Mis, N",,yes,"Hennekam lymphangiectasia-lymphedema syndrome 2, Van Maldergem syndrome 2","CCDS3732.3,CDHF14,CDHR11,ENSG00000196159.11,FAT-J,NM_024582.4,NP_078858,NP_001278214.1,NP_001278232.1,Q6V0I7",ENSG00000196159.14,protein_coding
FBLN2,fibulin 2,2199.0,3:13549131-13638422,2,,3p25.1,yes,,"breast cancer, colorectal adenocarcinoma",,,E,,TSG,"Mis, S",,,,"CCDS46761.1,ENSG00000163520.13,NM_001004019.1,NP_001004019,P98095",ENSG00000163520.14,protein_coding
FCGR2B,"Fc fragment of IgG, low affinity IIb, receptor for (CD32)",2213.0,1:161663161-161678654,1,Yes,1q23.3,yes,,ALL,,,L,Dom,"oncogene, fusion",T,?,,,"CCDS30924.1,CD32,CD32B,ENSG00000072694.20,FCG2,FCGR2,NM_004001.4,NP_003992,NP_001002275.1,P31994",ENSG00000072694.22,protein_coding
FEN1,flap structure-specific endonuclease 1,2237.0,11:61792637-61797244,2,,11q12.2,,yes,,breast cancer,,E,,TSG,,,,,"CCDS8010.1,ENSG00000168496.3,FEN-1,MF1,NM_004111.5,NP_004102,P39748,RAD2",ENSG00000168496.4,protein_coding
FGFR1,fibroblast growth factor receptor 1,2260.0,8:38411138-38467845,1,Yes,8p11.23,yes,,"MPN, NHL, salivary adenoma",,,L,Dom,"oncogene, fusion",T,"BCR, FOP, ZMYM2, CNTRL, PLAG1",yes,"Pfeiffer syndrome, Kallman syndrome","BFGFR,CCDS55223.1,CD331,CEK,ENSG00000077782.19,FLG,FLT2,H2,H3,H4,H5,KAL2,N-SAM,NM_001174067.1,NP_001167538,P11362",ENSG00000077782.22,protein_coding
FGFR2,fibroblast growth factor receptor 2,2263.0,10:121479857-121598403,1,Yes,10q26.13,yes,,"gastric, NSCLC, endometrial",,,E,Dom,"oncogene, fusion","Mis, T",,yes,"Crouzon, Pfeiffer, and Apert syndromes","BEK,CCDS7620.2,CD332,CEK3,CFD1,ECT1,ENSG00000066468.22,JWS,K-SAM,KGFR,NM_022970.3,NP_075259,P21802,TK14,TK25",ENSG00000066468.24,protein_coding
FGFR4,fibroblast growth factor receptor 4,2264.0,5:177086886-177098144,1,Yes,5q35.2,yes,,rhabdomyosarcoma,,,M,Dom,oncogene,Mis,,,,"CCDS4410.1,CD334,ENSG00000160867.14,JTK2,NM_213647.2,NP_998812,NP_002002,NP_001341913.1,P22455",ENSG00000160867.15,protein_coding
FLNA,filamin A,2316.0,X:154348526-154374638,2,,Xq28,yes,,phyllodes tumour of the breast,,,E,,,"Mis, F, O",,,,"ABP-280,CCDS48194.1,ENSG00000196924.15,FLN,FLN1,NM_001110556.1,NP_001104026,OPD1,OPD2,P21333",ENSG00000196924.19,protein_coding
FNBP1,formin binding protein 1 (FBP17),23048.0,9:129887187-130043162,2,,9q34.11,yes,,AML,,,L,Dom,fusion,T,KMT2A,,,"CCDS48040.1,ENSG00000187239.16,FBP17,KIAA0554,NM_015033.2,NP_055848,Q96RU3",ENSG00000187239.17,protein_coding
FOXO1,forkhead box O1,2308.0,13:40555667-40666597,1,,13q14.11,yes,,alveolar rhabdomyosarcoma,,,M,Dom,"oncogene, TSG, fusion",T,"PAX3, PAX7",,,"CCDS9371.1,ENSG00000150907.7,FKH1,FKHR,FOXO1A,NM_002015.3,NP_002006,Q12778",ENSG00000150907.10,protein_coding
FOXO4,forkhead box O4,4303.0,X:71096197-71103535,1,,Xq13.1,yes,,"AL, soft tissue sarcoma",,,"L, M",Dom,"oncogene, TSG, fusion",T,"KMT2A, CIC",,,"AFX1,CCDS43969.1,ENSG00000184481.16,MLLT7,NM_005938.3,NP_005929,P98177",ENSG00000184481.17,protein_coding
FOXP1,forkhead box P1,27086.0,3:70954715-71583989,1,,3p13,yes,,ALL,,,L,Dom,"oncogene, fusion",T,PAX5,,,"12CC4,CCDS74964.1,ENSG00000114861.19,HSPC215,NM_001244810.1,NP_001231739,Q9H334,QRF1,hFKH1B",ENSG00000114861.24,protein_coding
FSTL3,follistatin-like 3 (secreted glycoprotein),10272.0,19:676365-683399,1,,19p13.3,yes,,B-CLL,,,L,Dom,"oncogene, fusion",T,CCND1,,,"CCDS12040.1,ENSG00000070404.9,FLRG,FSRP,NM_005860.2,NP_005851,O95633",ENSG00000070404.10,protein_coding
GAS7,growth arrest-specific 7,8522.0,17:9913850-10198551,1,Yes,17p13.1,yes,,AML*,,,L,Dom,fusion,T,KMT2A,,,"CCDS11152.1,ENSG00000007237.18,KIAA0394,MGC1348,NM_201433.1,NP_958839,O60861",ENSG00000007237.19,protein_coding
GATA3,GATA binding protein 3,2625.0,10:8054653-8075203,1,Yes,10p14,yes,,breast,,,E,Rec,"oncogene, TSG","F, N, S",,yes,"HDR syndrome (hypoparathyroidism, sensorineural deafness, and renal disease)","CCDS31143.1,ENSG00000107485.16,HDR,NM_001002295.1,NP_001002295,P23771",ENSG00000107485.18,protein_coding
GMPS,guanine monphosphate synthetase,8833.0,3:155870536-155944026,2,,3q25.31,yes,,AML,,,L,Dom,fusion,T,KMT2A,,,"CCDS46941.1,ENSG00000163655.15,GATD7,NM_003875.2,NP_003866,P49915",ENSG00000163655.16,protein_coding
GPC3,glypican 3,2719.0,X:133535754-133985646,1,Yes,Xq26.2,,yes,,Wilms tumour,Simpson-Golabi-Behmel syndrome,O,Rec/X,"oncogene, TSG","D, Mis, N, F, S",,,,"CCDS55496.1,DGSX,ENSG00000147257.13,NM_001164617.1,NP_001158089,OCI-5,P51654,SDYS,SGB,SGBS,SGBS1",ENSG00000147257.16,protein_coding
HERPUD1,"homocysteine-inducible, endoplasmic reticulum stress-inducible, ubiquitin-like domain member 1",9709.0,16:56932048-56944863,1,,16q13,yes,,prostate,,,E,Dom,fusion,T,ERG,,,"CCDS10771.1,ENSG00000051108.14,HERP,KIAA0025,Mif1,NM_014685.3,NP_055500,NP_001259032.1,Q15011,SUP",ENSG00000051108.15,protein_coding
HEY1,hairy/enhancer-of-split related with YRPW motif 1,23462.0,8:79764013-79767857,1,Yes,8q21.13,yes,,mesenchymal chondrosarcoma,,,M,Dom,"oncogene, fusion",T,NCOA2,,,"CCDS43749.1,CHF-2,CHF2,ENSG00000164683.16,HERP2,HESR-1,HESR1,HRT-1,NM_001040708.1,NP_001035798,Q9Y5J3,bHLHb31",ENSG00000164683.18,protein_coding
HGF,Hepatocyte growth factor,3082.0,7:81699008-81770198,1,,7q21.11,yes,yes,"breast cancer, lung cancer, multiple myeloma",bladder cancer,,"E, M",,"oncogene, fusion","A, F, Mis, N, T",CACNA2D1,,,"CCDS5597.1,DFNB39,ENSG00000019991.16,F-TCF,HGFB,HPTA,NM_000601.5,NP_000592,P14210,SF",ENSG00000019991.18,protein_coding
HIF1A,hypoxia inducible factor 1 alpha subunit,3091.0,14:61697622-61748259,1,Yes,14q23.2,yes,,"endometrioid carcinoma, glioblastoma, colorectal, renal, lung, pancreatic",,,"E, O",Dom,oncogene,"Mis, F, N",,,,"CCDS58324.1,ENSG00000100644.16,HIF-1alpha,HIF1,MOP1,NM_001243084.1,NP_001230013,PASD8,Q16665,bHLHe78",ENSG00000100644.17,protein_coding
HLA-A,"major histocompatibility complex, class I, A",3105.0,6:29941260-29945884,1,,6p22.1,yes,,Spitzoid tumour,,,E,Dom,fusion,T,ROS1,yes,Carbamazepine-induced hypersensitivity syndrome,"CCDS34373.1,ENSG00000206503.12,P04439,P13746,P16188",ENSG00000206503.13,protein_coding
HMGN2P46,high mobility group nucleosomal binding domain 2 pseudogene 46,,15:45511136-45556730,2,,15q21.1,yes,,prostate,,,E,Dom,fusion,T,ETV1,,,,ENSG00000268606.6,protein_coding
HMGN2P46,high mobility group nucleosomal binding domain 2 pseudogene 46,,15:45511136-45556730,2,,15q21.1,yes,,prostate,,,E,Dom,fusion,T,ETV1,,,,ENSG00000197172.11,protein_coding
HMGN2P46,high mobility group nucleosomal binding domain 2 pseudogene 46,,15:45511136-45556730,2,,15q21.1,yes,,prostate,,,E,Dom,fusion,T,ETV1,,,,ENSG00000079393.21,protein_coding
HMGN2P46,high mobility group nucleosomal binding domain 2 pseudogene 46,,15:45511136-45556730,2,,15q21.1,yes,,prostate,,,E,Dom,fusion,T,ETV1,,,,ENSG00000196735.13,protein_coding
HMGN2P46,high mobility group nucleosomal binding domain 2 pseudogene 46,,15:45511136-45556730,2,,15q21.1,yes,,prostate,,,E,Dom,fusion,T,ETV1,,,,,
HMGN2P46,high mobility group nucleosomal binding domain 2 pseudogene 46,,15:45511136-45556730,2,,15q21.1,yes,,prostate,,,E,Dom,fusion,T,ETV1,,,,ENSG00000276085.1,protein_coding
HMGN2P46,high mobility group nucleosomal binding domain 2 pseudogene 46,,15:45511136-45556730,2,,15q21.1,yes,,prostate,,,E,Dom,fusion,T,ETV1,,,,ENSG00000109062.12,protein_coding
HMGN2P46,high mobility group nucleosomal binding domain 2 pseudogene 46,,15:45511136-45556730,2,,15q21.1,yes,,prostate,,,E,Dom,fusion,T,ETV1,,,,ENSG00000198019.13,protein_coding
HMGN2P46,high mobility group nucleosomal binding domain 2 pseudogene 46,,15:45511136-45556730,2,,15q21.1,yes,,prostate,,,E,Dom,fusion,T,ETV1,,,,ENSG00000256618.3,protein_coding
HMGN2P46,high mobility group nucleosomal binding domain 2 pseudogene 46,,15:45511136-45556730,2,,15q21.1,yes,,prostate,,,E,Dom,fusion,T,ETV1,,,,ENSG00000256045.3,protein_coding
HMGN2P46,high mobility group nucleosomal binding domain 2 pseudogene 46,,15:45511136-45556730,2,,15q21.1,yes,,prostate,,,E,Dom,fusion,T,ETV1,,,,ENSG00000256222.3,protein_coding
HMGN2P46,high mobility group nucleosomal binding domain 2 pseudogene 46,,15:45511136-45556730,2,,15q21.1,yes,,prostate,,,E,Dom,fusion,T,ETV1,,,,ENSG00000232196.4,protein_coding
HMGN2P46,high mobility group nucleosomal binding domain 2 pseudogene 46,,15:45511136-45556730,2,,15q21.1,yes,,prostate,,,E,Dom,fusion,T,ETV1,,,,ENSG00000270672.1,protein_coding
HMGN2P46,high mobility group nucleosomal binding domain 2 pseudogene 46,,15:45511136-45556730,2,,15q21.1,yes,,prostate,,,E,Dom,fusion,T,ETV1,,,,ENSG00000255823.5,protein_coding
HMGN2P46,high mobility group nucleosomal binding domain 2 pseudogene 46,,15:45511136-45556730,2,,15q21.1,yes,,prostate,,,E,Dom,fusion,T,ETV1,,,,ENSG00000171711.3,protein_coding
HMGN2P46,high mobility group nucleosomal binding domain 2 pseudogene 46,,15:45511136-45556730,2,,15q21.1,yes,,prostate,,,E,Dom,fusion,T,ETV1,,,,ENSG00000120088.15,protein_coding
HSP90AA1,"heat shock protein 90kDa alpha (cytosolic), class A member 1",3320.0,14:102081049-102139686,1,,14q32.31,yes,,NHL,,,L,Dom,fusion,T,BCL6,,,"CCDS32160.1,ENSG00000080824.18,FLJ31884,HSP90N,HSPC1,HSPCA,Hsp89,Hsp90,NM_001017963.2,NP_001017963,P07900",ENSG00000080824.19,protein_coding
HSP90AB1,"heat shock protein 90kDa alpha (cytosolic), class B member 1",3326.0,6:44247866-44253883,1,,6p21.1,yes,,NHL,,,L,Dom,fusion,T,BCL6,,,"CCDS4909.1,ENSG00000096384.19,HSPC2,HSPCB,P08238",ENSG00000096384.20,protein_coding
ID3,"inhibitor of DNA binding 3, HLH protein",3399.0,1:23557918-23559794,2,,1p36.12,yes,,Burkitt lymphoma,,,L,,TSG,"Mis, N",,,,"CCDS237.1,ENSG00000117318.8,HEIR-1,NM_002167.4,NP_002158,Q02535,bHLHb25",ENSG00000117318.9,protein_coding
IKZF1,IKAROS family zinc finger 1,10320.0,7:50304669-50405101,1,Yes,7p12.2,yes,,"ALL, DLBCL",,,L,Dom/Rec,"TSG, fusion","D,T",BCL6,,,"CCDS75596.1,ENSG00000185811.18,Hs.54452,IKAROS,LyF-1,NM_006060.5,NP_006051,PPP1R92,ZNFN1A1,hIk-1",ENSG00000185811.20,protein_coding
IKZF3,IKAROS Family Zinc Finger 3,22806.0,17:39757715-39864188,1,Yes,17q21.1,yes,,"B-ALL, CLL, breast cancer, colorectal cancer",,,"L, E",,"oncogene, TSG, fusion","D, Mis, F, N, T","NAGLU, VAPB",,,"Aiolos,CCDS11346.1,ENSG00000161405.16,NM_012481.4,NP_036613,Q9UKT9,ZNFN1A3",ENSG00000161405.17,protein_coding
IL21R,interleukin 21 receptor,50615.0,16:27402162-27452042,1,,16p12.1,yes,,NHL,,,L,Dom,fusion,T,BCL6,,,"CCDS10630.1,CD360,ENSG00000103522.15,NM_181078.2,NP_851564,Q9HBE5",ENSG00000103522.16,protein_coding
IL7R,interleukin 7 receptor,3575.0,5:35856849-35879603,1,Yes,5p13.2,yes,,"ALL, ETP ALL",,,L,Dom,oncogene,"Mis, O",,yes,Severe combined immune deficiency,"CCDS3911.1,CD127,ENSG00000168685.14,IL7RA,NM_002185.3,NP_002176,P16871",ENSG00000168685.15,protein_coding
IRF4,interferon regulatory factor 4,3662.0,6:391739-411447,1,,6p25.3,yes,,MM,,,L,Dom,"oncogene, TSG, fusion",T,IGH,,,"CCDS4469.1,ENSG00000137265.14,LSIRF,MUM1,NM_002460.3,NP_002451,NP_001182215.1,Q15306",ENSG00000137265.16,protein_coding
ITGAV,integrin subunit alpha V,3685.0,2:186590065-186680901,2,,2q32.1,yes,,large intestine carcinoma,,,E,,,F,,,,"CCDS2292.1,CD51,ENSG00000138448.11,MSK8,NM_002210.4,NP_002201,NP_002201.1,P06756,VNRA,VTNR",ENSG00000138448.12,protein_coding
ITK,IL2-inducible T-cell kinase,3702.0,5:157180826-157255191,1,,5q33.3,yes,,peripheral T-cell lymphoma,,,L,Dom,fusion,T,SYK,,,"CCDS4336.1,EMT,ENSG00000113263.12,LYK,NM_005546.3,NP_005537,PSCTK2,Q08881",ENSG00000113263.13,protein_coding
JUN,jun oncogene,3725.0,1:58780788-58784327,1,,1p32.1,yes,,sarcoma,,,M,Dom,oncogene,A,,,,"AP-1,CCDS610.1,ENSG00000177606.6,NM_002228.3,NP_002219,P05412,c-Jun",ENSG00000177606.8,protein_coding
KDM5A,"lysine (K)-specific demethylase 5A, JARID1A",5927.0,12:280129-389454,1,,12p13.33,yes,,AML,,,L,Dom,"oncogene, fusion",T,NUP98,,,"CCDS41736.1,ENSG00000073614.12,JARID1A,NM_001042603.2,NP_001036068,P29375,RBBP2",ENSG00000073614.13,protein_coding
KDR,vascular endothelial growth factor receptor 2,3791.0,4:55078259-55125595,1,Yes,4q12,yes,yes,"NSCLC, angiosarcoma",melanoma,,E,Dom,oncogene,Mis,,,,"CCDS3497.1,CD309,ENSG00000128052.9,FLK1,NM_002253.2,NP_002244,VEGFR,VEGFR2",ENSG00000128052.10,protein_coding
KIT,v-kit Hardy-Zuckerman 4 feline sarcoma viral oncogene homolog,3815.0,4:54657918-54740715,1,Yes,4q12,yes,yes,"GIST, AML, TGCT, mastocytosis, mucosal melanoma","GIST, epithelioma",familial gastrointestinal stromal tumour,"L, M, O, E",Dom,oncogene,"Mis, O",,yes,Piebald trait,"C-Kit,CCDS3496.1,CD117,ENSG00000157404.15,NM_000222.2,NP_000213,P10721,PBT,SCFR",ENSG00000157404.17,protein_coding
KNSTRN,kinetochore localized astrin/SPAG5 binding protein,90417.0,15:40382721-40394245,2,,15q15.1,yes,,SCC,,,E,,oncogene,Mis,,,,"C15orf23,CCDS42021.1,ENSG00000128944.13,FLJ14502,NM_033286.3,NP_150628,Q9Y448,SKAP,TRAF4AF1,kinastrin",ENSG00000128944.14,protein_coding
KRAS,v-Ki-ras2 Kirsten rat sarcoma 2 viral oncogene homolog,3845.0,12:25209431-25250803,1,Yes,12p12.1,yes,,"pancreatic, colorectal, lung, thyroid, AML, other tumour types",,,"L, E, M, O",Dom,oncogene,Mis,,,,"CCDS8703.1,ENSG00000133703.11,KRAS1,KRAS2,NM_033360.3,NP_203524,P01116",ENSG00000133703.14,protein_coding
LCK,lymphocyte-specific protein tyrosine kinase,3932.0,1:32251239-32286165,1,Yes,1p35.2,yes,,T-ALL,,,L,Dom,"oncogene, fusion",T,TRB,,,"CCDS359.1,ENSG00000182866.16,NM_005356.4,NP_005347,P06239",ENSG00000182866.17,protein_coding
LCP1,lymphocyte cytosolic protein 1 (L-plastin),3936.0,13:46125920-46211348,2,,13q14.13,yes,,NHL,,,L,Dom,fusion,T,BCL6,,,"CCDS9403.1,CP64,ENSG00000136167.13,L-PLASTIN,LC64P,P13796,PLS2",ENSG00000136167.15,protein_coding
LEF1,lymphoid enhancer binding factor 1,51176.0,4:108047545-108168422,1,Yes,4q25,yes,,"B-ALL, T-ALL, eyelid sebaceous carcinoma, AML, lymphomas",,,"L, E",,"oncogene, TSG","Mis, N",,,,"CCDS3679.1,ENSG00000138795.9,NM_016269.4,NP_057353,Q9UJU2,TCF10,TCF1ALPHA,TCF7L3",ENSG00000138795.10,protein_coding
LMNA,lamin A/C,4000.0,1:156114707-156140089,1,Yes,1q22,yes,,Spitzoid tumour,,,E,Dom,fusion,T,NTRK1,yes,"Muscular dystrophy, dilated cardiomyopathy,  familial partial lipodystrophy, and others","CCDS1129.1,CMD1A,ENSG00000160789.19,HGPS,LGMD1B,LMN1,LMNL1,MADA,NM_170707.3,NP_733821,P02545,PRO1",ENSG00000160789.24,protein_coding
LMO2,LIM domain only 2 (rhombotin-like 1) (RBTN2),4005.0,11:33858576-33892289,1,,11p13,yes,,T-ALL,,,L,Dom,"oncogene, fusion",T,TRD,,,"CCDS7888.2,ENSG00000135363.11,NM_005574.3,NP_005565,P25791,RBTN2,RBTNL1,RHOM2,TTG2",ENSG00000135363.12,protein_coding
LYL1,lymphoblastic leukemia derived sequence 1,4066.0,19:13099033-13102867,1,,19p13.13,yes,,T-ALL,,,L,Dom,"oncogene, fusion",T,TRB,,,"CCDS12292.1,ENSG00000104903.4,NM_005583.4,NP_005574,P12980,bHLHa18",ENSG00000104903.5,protein_coding
LYN,LYN Proto-Oncogene,4067.0,8:55879813-56010572,2,,8q12.1,yes,,"DLBCL, B-ALL, MPN",,,L,,"oncogene, fusion","Mis, T","ETV6, GATAD2A, NCOR1",,,"CCDS6162.1,ENSG00000254087.7,JTK8,NM_002350.3,NP_002341,P07948",ENSG00000254087.8,protein_coding
MAF,v-maf musculoaponeurotic fibrosarcoma oncogene homolog,4094.0,16:79593838-79600714,1,,16q23.2,yes,,MM,,,L,Dom,"oncogene, fusion",T,IGH,,,"CCDS10928.1,ENSG00000178573.6,NM_005360.4,NP_005351,O75444,c-MAF",ENSG00000178573.7,protein_coding
MAFB,v-maf musculoaponeurotic fibrosarcoma oncogene homolog B (avian),9935.0,20:40685848-40689240,1,,20q12,yes,,MM,,,L,Dom,"oncogene, fusion",T,IGH,,,"CCDS13311.1,ENSG00000204103.3,KRML,NM_005461.4,NP_005452,Q9Y5Q3",ENSG00000204103.4,protein_coding
MALAT1,metastasis associated lung adenocarcinoma transcript 1 ( lnc-RNA; non-protein coding),,11:65497762-65506469,2,,11q13.1,yes,,"renal cell carcinoma (childhood epithelioid), lung",,,E,Dom,"oncogene, TSG, fusion",T,TFEB,,,,ENSG00000268606.6,protein_coding
MALAT1,metastasis associated lung adenocarcinoma transcript 1 ( lnc-RNA; non-protein coding),,11:65497762-65506469,2,,11q13.1,yes,,"renal cell carcinoma (childhood epithelioid), lung",,,E,Dom,"oncogene, TSG, fusion",T,TFEB,,,,ENSG00000197172.11,protein_coding
MALAT1,metastasis associated lung adenocarcinoma transcript 1 ( lnc-RNA; non-protein coding),,11:65497762-65506469,2,,11q13.1,yes,,"renal cell carcinoma (childhood epithelioid), lung",,,E,Dom,"oncogene, TSG, fusion",T,TFEB,,,,ENSG00000079393.21,protein_coding
MALAT1,metastasis associated lung adenocarcinoma transcript 1 ( lnc-RNA; non-protein coding),,11:65497762-65506469,2,,11q13.1,yes,,"renal cell carcinoma (childhood epithelioid), lung",,,E,Dom,"oncogene, TSG, fusion",T,TFEB,,,,ENSG00000196735.13,protein_coding
MALAT1,metastasis associated lung adenocarcinoma transcript 1 ( lnc-RNA; non-protein coding),,11:65497762-65506469,2,,11q13.1,yes,,"renal cell carcinoma (childhood epithelioid), lung",,,E,Dom,"oncogene, TSG, fusion",T,TFEB,,,,,
MALAT1,metastasis associated lung adenocarcinoma transcript 1 ( lnc-RNA; non-protein coding),,11:65497762-65506469,2,,11q13.1,yes,,"renal cell carcinoma (childhood epithelioid), lung",,,E,Dom,"oncogene, TSG, fusion",T,TFEB,,,,ENSG00000276085.1,protein_coding
MALAT1,metastasis associated lung adenocarcinoma transcript 1 ( lnc-RNA; non-protein coding),,11:65497762-65506469,2,,11q13.1,yes,,"renal cell carcinoma (childhood epithelioid), lung",,,E,Dom,"oncogene, TSG, fusion",T,TFEB,,,,ENSG00000109062.12,protein_coding
MALAT1,metastasis associated lung adenocarcinoma transcript 1 ( lnc-RNA; non-protein coding),,11:65497762-65506469,2,,11q13.1,yes,,"renal cell carcinoma (childhood epithelioid), lung",,,E,Dom,"oncogene, TSG, fusion",T,TFEB,,,,ENSG00000198019.13,protein_coding
MALAT1,metastasis associated lung adenocarcinoma transcript 1 ( lnc-RNA; non-protein coding),,11:65497762-65506469,2,,11q13.1,yes,,"renal cell carcinoma (childhood epithelioid), lung",,,E,Dom,"oncogene, TSG, fusion",T,TFEB,,,,ENSG00000256618.3,protein_coding
MALAT1,metastasis associated lung adenocarcinoma transcript 1 ( lnc-RNA; non-protein coding),,11:65497762-65506469,2,,11q13.1,yes,,"renal cell carcinoma (childhood epithelioid), lung",,,E,Dom,"oncogene, TSG, fusion",T,TFEB,,,,ENSG00000256045.3,protein_coding
MALAT1,metastasis associated lung adenocarcinoma transcript 1 ( lnc-RNA; non-protein coding),,11:65497762-65506469,2,,11q13.1,yes,,"renal cell carcinoma (childhood epithelioid), lung",,,E,Dom,"oncogene, TSG, fusion",T,TFEB,,,,ENSG00000256222.3,protein_coding
MALAT1,metastasis associated lung adenocarcinoma transcript 1 ( lnc-RNA; non-protein coding),,11:65497762-65506469,2,,11q13.1,yes,,"renal cell carcinoma (childhood epithelioid), lung",,,E,Dom,"oncogene, TSG, fusion",T,TFEB,,,,ENSG00000232196.4,protein_coding
MALAT1,metastasis associated lung adenocarcinoma transcript 1 ( lnc-RNA; non-protein coding),,11:65497762-65506469,2,,11q13.1,yes,,"renal cell carcinoma (childhood epithelioid), lung",,,E,Dom,"oncogene, TSG, fusion",T,TFEB,,,,ENSG00000270672.1,protein_coding
MALAT1,metastasis associated lung adenocarcinoma transcript 1 ( lnc-RNA; non-protein coding),,11:65497762-65506469,2,,11q13.1,yes,,"renal cell carcinoma (childhood epithelioid), lung",,,E,Dom,"oncogene, TSG, fusion",T,TFEB,,,,ENSG00000255823.5,protein_coding
MALAT1,metastasis associated lung adenocarcinoma transcript 1 ( lnc-RNA; non-protein coding),,11:65497762-65506469,2,,11q13.1,yes,,"renal cell carcinoma (childhood epithelioid), lung",,,E,Dom,"oncogene, TSG, fusion",T,TFEB,,,,ENSG00000171711.3,protein_coding
MALAT1,metastasis associated lung adenocarcinoma transcript 1 ( lnc-RNA; non-protein coding),,11:65497762-65506469,2,,11q13.1,yes,,"renal cell carcinoma (childhood epithelioid), lung",,,E,Dom,"oncogene, TSG, fusion",T,TFEB,,,,ENSG00000120088.15,protein_coding
MAP2K1,mitogen-activated protein kinase kinase 1,5604.0,15:66386817-66492312,1,Yes,15q22.31,yes,,"NSCLC, melanoma, colorectal",,,E,Dom,oncogene,Mis,,yes,Cardiofaciocutaneous syndrome,"CCDS10216.1,ENSG00000169032.9,MAPKK1,MEK1,NM_002755.3,NP_002746,PRKMK1,Q02750",ENSG00000169032.11,protein_coding
MAPK1,mitogen-activated protein kinase 1,5594.0,22:21754500-21867629,1,Yes,22q11.22,yes,,"CLL, ovarian mixed germ cell tumour, cervical carcinoma",,,"E, L",Dom,oncogene,Mis,,,,"CCDS13795.1,ENSG00000100030.14,ERK,ERK2,MAPK2,NM_002745.4,NP_002736,P28482,PRKM1,PRKM2,p41mapk",ENSG00000100030.15,protein_coding
MB21D2,Mab-21 domain containing 2,151963.0,3:192796815-192918161,2,,3q29,yes,,lung cancer,,,E,,,Mis,,,,"C3orf59,CCDS3302.2,ENSG00000180611.6,NM_178496.3,NP_848591,Q8IYB1",ENSG00000180611.7,protein_coding
MDS2,myelodysplastic syndrome 2,,1:23581495-23640568,2,,1p36.12,yes,,MDS,,,L,Dom,fusion,T,ETV6,,,,ENSG00000268606.6,protein_coding
MDS2,myelodysplastic syndrome 2,,1:23581495-23640568,2,,1p36.12,yes,,MDS,,,L,Dom,fusion,T,ETV6,,,,ENSG00000197172.11,protein_coding
MDS2,myelodysplastic syndrome 2,,1:23581495-23640568,2,,1p36.12,yes,,MDS,,,L,Dom,fusion,T,ETV6,,,,ENSG00000079393.21,protein_coding
MDS2,myelodysplastic syndrome 2,,1:23581495-23640568,2,,1p36.12,yes,,MDS,,,L,Dom,fusion,T,ETV6,,,,ENSG00000196735.13,protein_coding
MDS2,myelodysplastic syndrome 2,,1:23581495-23640568,2,,1p36.12,yes,,MDS,,,L,Dom,fusion,T,ETV6,,,,,
MDS2,myelodysplastic syndrome 2,,1:23581495-23640568,2,,1p36.12,yes,,MDS,,,L,Dom,fusion,T,ETV6,,,,ENSG00000276085.1,protein_coding
MDS2,myelodysplastic syndrome 2,,1:23581495-23640568,2,,1p36.12,yes,,MDS,,,L,Dom,fusion,T,ETV6,,,,ENSG00000109062.12,protein_coding
MDS2,myelodysplastic syndrome 2,,1:23581495-23640568,2,,1p36.12,yes,,MDS,,,L,Dom,fusion,T,ETV6,,,,ENSG00000198019.13,protein_coding
MDS2,myelodysplastic syndrome 2,,1:23581495-23640568,2,,1p36.12,yes,,MDS,,,L,Dom,fusion,T,ETV6,,,,ENSG00000256618.3,protein_coding
MDS2,myelodysplastic syndrome 2,,1:23581495-23640568,2,,1p36.12,yes,,MDS,,,L,Dom,fusion,T,ETV6,,,,ENSG00000256045.3,protein_coding
MDS2,myelodysplastic syndrome 2,,1:23581495-23640568,2,,1p36.12,yes,,MDS,,,L,Dom,fusion,T,ETV6,,,,ENSG00000256222.3,protein_coding
MDS2,myelodysplastic syndrome 2,,1:23581495-23640568,2,,1p36.12,yes,,MDS,,,L,Dom,fusion,T,ETV6,,,,ENSG00000232196.4,protein_coding
MDS2,myelodysplastic syndrome 2,,1:23581495-23640568,2,,1p36.12,yes,,MDS,,,L,Dom,fusion,T,ETV6,,,,ENSG00000270672.1,protein_coding
MDS2,myelodysplastic syndrome 2,,1:23581495-23640568,2,,1p36.12,yes,,MDS,,,L,Dom,fusion,T,ETV6,,,,ENSG00000255823.5,protein_coding
MDS2,myelodysplastic syndrome 2,,1:23581495-23640568,2,,1p36.12,yes,,MDS,,,L,Dom,fusion,T,ETV6,,,,ENSG00000171711.3,protein_coding
MDS2,myelodysplastic syndrome 2,,1:23581495-23640568,2,,1p36.12,yes,,MDS,,,L,Dom,fusion,T,ETV6,,,,ENSG00000120088.15,protein_coding
MECOM,MDS1 and EVI1 complex locus,2122.0,3:169083499-169146305,1,,3q26.2,yes,,"AML, CML, MDS",,,L,Dom,"oncogene, fusion",T,"RUNX1, ETV6, PRDM16, RPN1",,,"CCDS54670.1,ENSG00000085276.17,EVI1,KMT8E,MDS1,MDS1-EVI1,NM_001105077.3,NP_001098547,PRDM3,Q03112",ENSG00000085276.19,protein_coding
MET,met proto-oncogene (hepatocyte growth factor receptor),4233.0,7:116672405-116796342,1,Yes,7q31.2,yes,,"papillary renal, head-neck squamous cell",papillary renal,familial papillary renal cancer,E,Dom,oncogene,Mis,,,,"CCDS47689.1,DFNB97,ENSG00000105976.14,HGFR,NM_001127500.2,NP_001120972,P08581,RCCP2",ENSG00000105976.16,protein_coding
MITF,melanogenesis-associated transcription factor,4286.0,3:69739435-69968336,1,,3p13,yes,,melanoma,,,E,Dom,oncogene,A,,yes,"Waardenburg syndrome type 2, Tietz syndrome","CCDS43106.1,ENSG00000187098.15,MI,NM_198159.2,NP_937802,NP_001341534.1,NP_001341535.1,NP_001341533.1,O75030,WS2,WS2A,bHLHe32",ENSG00000187098.18,protein_coding
MLLT11,"myeloid/lymphoid or mixed-lineage leukemia (trithorax homolog, Drosophila); translocated to, 11",10962.0,1:151057758-151068497,1,,1q21.3,yes,,ALL,,,L,Dom,fusion,T,KMT2A,,,"AF1Q,CCDS982.1,ENSG00000213190.3,NM_006818.3,NP_006809,Q13015",ENSG00000213190.4,protein_coding
MPL,"myeloproliferative leukaemia virus oncogene, thrombopoietin receptor",4352.0,1:43337849-43352772,1,Yes,1p34.2,yes,yes,MPN,MPN,familial essential thrombocythemia,L,Dom,oncogene,Mis,,yes,Congenital amegakaryocytic thrombocytopenia,"CCDS483.1,CD110,ENSG00000117400.17,NM_005373.2,NP_005364,P40238,TPOR",ENSG00000117400.18,protein_coding
MSH6,mutS homolog 6 (E. coli),2956.0,2:47783082-47810101,1,Yes,2p16.3,yes,yes,colorectal,"colorectal, endometrial, ovarian",hereditary non-polyposis colorectal cancer,E,Rec,TSG,"Mis, N, F, S",,,,"CCDS1836.1,ENSG00000116062.14,GTBP,NM_000179.2,NP_000170,P52701",ENSG00000116062.18,protein_coding
MSN,moesin,4478.0,X:65667670-65741931,1,,Xq12,yes,,ALCL,,,L,Dom,fusion,T,ALK,,,"CCDS14382.1,ENSG00000147065.16,NM_002444.2,NP_002435,P26038",ENSG00000147065.17,protein_coding
MUC1,"mucin 1, transmembrane",4582.0,1:155185826-155192915,1,,1q22,yes,,B-NHL,,,L,Dom,fusion,T,IGH,,,"ADMCKD,ADMCKD1,CCDS72933.1,CD227,ENSG00000185499.16,MCD,MCKD,MCKD1,NM_001204286.1,NP_001191215,PEM,PUM",ENSG00000185499.17,protein_coding
MYC,v-myc myelocytomatosis viral oncogene homolog (avian),4609.0,8:127736069-127741434,1,Yes,8q24.21,yes,,"B-CLL, breast cancer, Burkitt lymphoma, gastric cancer, ovarian cancer",,,"L, E",Dom,"oncogene, fusion","A, T","IGK, BCL5, BCL7A , BTG1, TRA, IGH",,,"CCDS6359.2,ENSG00000136997.17,MYCC,NM_002467.4,NP_002458,NP_002458.2,bHLHe39,c-Myc",ENSG00000136997.21,protein_coding
MYCL,v-myc avian myelocytomatosis viral oncogene lung carcinoma derived homolog,4610.0,1:39895426-39902013,1,,1p34.2,yes,,small cell lung carcinoma,,,E,Dom,oncogene,A,,,,"CCDS53300.1,ENSG00000116990.10,LMYC,MYCL1,NM_001033082.2,NP_001028254,P12524,bHLHe38",ENSG00000116990.11,protein_coding
MYCN,"v-myc myelocytomatosis viral related oncogene, neuroblastoma derived (avian)",4613.0,2:15940564-15947007,1,Yes,2p24.3,yes,,"neuroblastoma, Wilms tumour",,,O,Dom,oncogene,"A, Mis",,yes,Feingold syndrome 1,"CCDS1687.1,ENSG00000134323.11,MYCNOT,N-myc,NMYC,NM_005378.5,NP_001280157,NP_005369,NP_001280162.1,P04198,bHLHe37",ENSG00000134323.12,protein_coding
MYD88,myeloid differentiation primary response gene (88),4615.0,3:38138478-38143019,1,Yes,3p22.2,yes,,ABC-DLBCL,,,L,Dom,oncogene,Mis,,,,"CCDS54565.1,ENSG00000172936.12,NM_001172567.1,NP_001166038",ENSG00000172936.16,protein_coding
MYH11,"myosin, heavy polypeptide 11, smooth muscle",4629.0,16:15703172-15857011,1,,16p13.11,yes,,AML,,,L,Dom,fusion,T,CBFB,,,"CCDS45423.1,ENSG00000133392.17,NM_001040114.1,NP_001035203,P35749,SMHC,SMMHC",ENSG00000133392.18,protein_coding
MYH9,"myosin, heavy polypeptide 9, non-muscle",4627.0,22:36281277-36388067,1,,22q12.3,yes,,ALCL,,,L,Dom,"TSG, fusion",T,ALK,yes,"Deafness, autosomal dominant 17, Epstein syndrome, Fechtner syndrome, May-Hegglin anomaly, Sebastian syndrome","CCDS13927.1,DFNA17,ENSG00000100345.21,EPSTS,FTNS,MHA,NMHC-II-A,NMMHCA,NM_002473.5,NP_002464,P35579",ENSG00000100345.23,protein_coding
MYO5A,"myosin VA (heavy chain 12, myoxin)",4644.0,15:52307283-52529050,1,,15q21.2,yes,,Spitzoid tumour,,,E,Dom,fusion,T,ROS1,yes,Griscelli syndrome,"CCDS42037.1,ENSG00000197535.14,GS1,MYH12,MYO5,MYR12,NM_000259.3,NP_000250,NP_000250.3,Q9Y4I1",ENSG00000197535.16,protein_coding
NAB2,NGFI-A binding protein 2,4665.0,12:57088894-57095476,1,Yes,12q13.3,yes,,"solitary fibrous tumour, meningeal haemangiopericytoma",,,"M, O",Dom,"TSG, fusion",T,STAT6,,,"CCDS8930.1,ENSG00000166886.12,MADER,NM_005967.3,NP_005958,Q15742",ENSG00000166886.13,protein_coding
NACA,nascent-polypeptide-associated complex alpha polypeptide,4666.0,12:56712433-56725299,2,,12q13.3,yes,,NHL,,,L,Dom,fusion,T,BCL6,,,"CCDS44925.2,E9PAV3,ENSG00000196531.10,NACA1,NM_001113203.2,NP_001106674",ENSG00000196531.14,protein_coding
NCOA4,nuclear receptor coactivator 4 - PTC3 (ELE1),8031.0,10:46006412-46030607,1,,10q11.22,yes,,papillary thyroid,,,E,Dom,"TSG, fusion",T,RET,,,"ARA70,CCDS73094.1,DKFZp762E1112,ELE1,ENSG00000266412.5,NM_001145260.1,NP_001138732,PTC3,Q13772,RFG",ENSG00000266412.6,protein_coding
NOTCH1,"Notch homolog 1, translocation-associated (Drosophila) (TAN1)",4851.0,9:136494433-136545786,1,Yes,9q34.3,yes,,"T-ALL, breast, bladder, skin SCC, lung SCC, head and neck SCC",,,"L, E",Dom/Rec,"oncogene, TSG, fusion","T, Mis, O","TRB, SEC16A, GABBR2",,,"CCDS43905.1,ENSG00000148400.10,NM_017617.4,NP_060087,P46531,TAN1",ENSG00000148400.13,protein_coding
NR2F2,Nuclear receptor subfamily 2 group F member 2,7026.0,15:96330717-96340263,2,,15q26.2,yes,,"endometrioid carcinoma, soft-tissue sarcoma",,,"E, M",,,"A, Mis, O",,,,"ARP1,CCDS10375.1,COUP-TFII,COUPTF2,COUPTFB,ENSG00000185551.14,NF-E3,NM_021005.3,NP_066285,P24468,SVP40,TFCOUP2",ENSG00000185551.15,protein_coding
NR4A3,"nuclear receptor subfamily 4, group A, member 3 (NOR1)",8013.0,9:99821855-99866891,1,,9q31.1,yes,,extraskeletal myxoid chondrosarcoma,,,M,Dom,"oncogene, fusion",T,"EWSR1, TAF15, TCF12, TFG",,,"CCDS6742.1,CHN,CSMF,ENSG00000119508.17,MINOR,NM_173200.2,NOR1,NP_775292,Q92570",ENSG00000119508.18,protein_coding
NRAS,neuroblastoma RAS viral (v-ras) oncogene homolog,4893.0,1:114704469-114716894,1,Yes,1p13.2,yes,,"melanoma, MM, AML, thyroid",,,"L, E",Dom,oncogene,Mis,,,,"CCDS877.1,ENSG00000213281.4,N-ras,NM_002524.4,NP_002515,P01111",ENSG00000213281.5,protein_coding
NRG1,neuregulin 1,3084.0,8:32548635-32764407,1,,8p12,yes,,NSCLC,,,E,Dom,"TSG, fusion",T,CD74,,,"CCDS6083.1,ENSG00000157168.18,GGF,HGL,HRG,NDF,NM_013956.4,NP_039250,NRG1-IT2,Q02297",ENSG00000157168.20,protein_coding
NTRK2,Neurotrophic Receptor Tyrosine Kinase 2,4915.0,9:84669778-85027070,1,Yes,9q21.33,yes,,"colorectal cancer, ganglioglioma, glioma, HNSCC, lung adenocarcinoma",,,"E, O",,"oncogene, fusion","T, Mis","AFAP1, AGBL4, BCR, MUC2, NACC2, PAN3, QK1, SLMAP, SQSTM1, TRIM24, VCL",,,"CCDS6671.1,ENSG00000148053.15,Q16620,TRKB",ENSG00000148053.18,protein_coding
P2RY8,"purinergic receptor P2Y, G-protein coupled, 8",286530.0,X:1462572-1537107,1,,Xp22.33,yes,,"B-ALL, Down syndrome associated ALL",,,L,Dom,"oncogene, fusion",T,CRLF2,,,"CCDS14115.1,ENSG00000182162.10,NM_178129.4,NP_835230,P2Y8,Q86VZ1",ENSG00000182162.11,protein_coding
PDCD1LG2,programmed cell death 1 ligand 2,80380.0,9:5510570-5571254,1,Yes,9p24.1,yes,,"PMBL, Hodgkin lymphoma",,,L,Dom,"oncogene, fusion",T,CIITA,,,"B7-DC,Btdc,CCDS6465.1,CD273,ENSG00000197646.7,NM_025239.3,NP_079515,PD-L2,PDL2,Q9BQ51,bA574F11.2",ENSG00000197646.8,protein_coding
PDE4DIP,phosphodiesterase 4D interacting protein (myomegalin),9659.0,1:148889463-149033016,1,,1q21.2,yes,,MPN,,,L,Dom,fusion,T,PDGFRB,,,"CCDS72892.1,CMYA2,ENSG00000178104.19,KIAA0454,KIAA0477,MMGL,NM_001198834.3,NP_001185763,Q5VU43",ENSG00000178104.20,protein_coding
PDGFB,platelet-derived growth factor beta polypeptide (simian sarcoma viral (v-sis) oncogene homolog),5155.0,22:39223359-39244751,1,,22q13.1,yes,,DFSP,,,M,Dom,"oncogene, fusion",T,COL1A1,,,"CCDS13987.1,ENSG00000100311.16,NM_002608.3,NP_002599,P01127,SIS,SSV",ENSG00000100311.17,protein_coding
PDGFRA,"platelet-derived growth factor, alpha-receptor",5156.0,4:54229097-54298247,1,Yes,4q12,yes,yes,"GIST, idiopathic hypereosinophilic syndrome, paediatric glioblastoma",GIST,familial gastrointestinal stromal tumour,"L, M, O",Dom,"oncogene, fusion","Mis, O, T",FIP1L1,,,"CCDS3495.1,CD140a,ENSG00000134853.11,GAS9,NM_006206.4,NP_006197,NP_001334757.1,NP_001334759.1,NP_001334758.1,P16234,PDGFR2",ENSG00000134853.12,protein_coding
PDGFRB,"platelet-derived growth factor receptor, beta polypeptide",5159.0,5:150113837-150155860,1,,5q32,yes,,"MPN, AML, CMML, CML",,,L,Dom,"oncogene, fusion",T,"ETV6, TRIP11, HIP1, RABEP1, H4, NIN, SPECC1, PDE4DIP",,,"CCDS4303.1,CD140b,ENSG00000113721.13,JTK12,NM_002609.3,NP_002600,NP_001341945.1,P09619,PDGFR,PDGFR1",ENSG00000113721.14,protein_coding
PER1,period homolog 1 (Drosophila),5187.0,17:8140472-8152435,1,Yes,17p13.1,yes,,"AML, CMML",,,L,Dom,"TSG, fusion",T,ETV6,,,"CCDS11131.1,ENSG00000179094.15,NM_002616.2,NP_002607,O15534,PER,RIGUI",ENSG00000179094.16,protein_coding
PIK3R1,"phosphoinositide-3-kinase, regulatory subunit 1 (alpha)",5295.0,5:68215720-68301821,1,Yes,5q13.1,yes,,"glioblastoma, ovarian, colorectal",,,"E, O",Rec,TSG,"Mis, F, O",,,,"CCDS3993.1,ENSG00000145675.14,GRB1,NM_181523.2,NP_852664,P27986,p85,p85-ALPHA",ENSG00000145675.15,protein_coding
POLE,"polymerase (DNA directed), epsilon, catalytic subunit",5426.0,12:132623762-132687359,1,Yes,12q24.33,yes,yes,"colorectal carcinoma, endometrioid carcinoma, stomach carcinoma, skin cancer",colorectal cancer susceptibility,,E,Rec,TSG,Mis,,yes,FILS syndrome,"CCDS9278.1,ENSG00000177084.16,NM_006231.3,NP_006222,POLE1,Q07864",ENSG00000177084.18,protein_coding
POLQ,DNA polymerase theta,10721.0,3:121431431-121546006,1,,3q13.33,yes,yes,oral SCC,breast cancer,,E,,"oncogene, TSG",Mis,,,,"CCDS33833.1,ENSG00000051341.13,NM_199420.3,NP_955452,O75417,POLH",ENSG00000051341.15,protein_coding
POU2AF1,"POU domain, class 2, associating factor 1 (OBF1)",5450.0,11:111352252-111379692,1,Yes,11q23.1,yes,,NHL,,,L,Dom,"oncogene, fusion",T,BCL6,,,"BOB1,CCDS31675.1,ENSG00000110777.11,NM_006235.2,NP_006226,OBF1,Q16633",ENSG00000110777.12,protein_coding
PPARG,"peroxisome proliferative activated receptor, gamma",5468.0,3:12351472-12434356,1,Yes,3p25.2,yes,,follicular thyroid,,,E,Dom,"TSG, fusion",T,PAX8,yes,"Insulin resistance ; lipodystrophy, familial partial L;diabetes mellitus, insulin-resistantI, with acanthosis nigricans and hypertension","CCDS2609.1,ENSG00000132170.20,NM_015869.4,NP_056953,NR1C3,P37231,PPARG1,PPARG2,PPARgamma",ENSG00000132170.24,protein_coding
PPM1D,"protein phosphatase, Mg2+/Mn2+ dependent 1D",8493.0,17:60600183-60666280,1,Yes,17q23.2,yes,,"glioma, ovarian cancer, breast cancer",,,E,Dom,oncogene,"A, Mis, N, F",,,,"CCDS11625.1,ENSG00000170836.11,NM_003620.3,NP_003611,O15297,PP2C-DELTA,Wip1",ENSG00000170836.13,protein_coding
PRDM2,PR/SET domain 2,7799.0,1:13704855-13825079,2,,1p36.21,yes,,"glioma, colon adenocarcinoma, gastric carcinoma, ovarian carcinoma, HNSCC",,,"E, O",,TSG,"O, F",,,,"CCDS150.1,ENSG00000116731.22,HUMHOXY1,KMT8,KMT8A,MTB-ZF,NM_012231.4,NP_036363,Q13029,RIZ,RIZ1,RIZ2",ENSG00000116731.23,protein_coding
PRF1,perforin 1 (pore forming protein),5551.0,10:70597349-70602775,1,,10q22.1,,yes,,"various leukaemia, lymphoma",,L,Rec,TSG,Mis,,yes,Type 2 familial haemophagocytic lymphohistiocytosis,"CCDS7305.1,ENSG00000180644.7,HPLH2,NM_005041.4,NP_005032,NP_001076585,P1,P14222,PFP",ENSG00000180644.8,protein_coding
PRKCB,protein kinase C beta,5579.0,16:23835983-24220611,2,,16p12.2,yes,,adult T-cell lymphoma-leukaemia,,,L,,,Mis,,,,"CCDS10619.1,ENSG00000166501.13,NM_002738.6,NP_002729,PKC(beta),PKCB,PRKCB1,PRKCB2",ENSG00000166501.14,protein_coding
PRRX1,paired related homeobox 1,5396.0,1:170663906-170739419,1,,1q24.2,yes,,AML,,,L,Dom,fusion,T,NUP98,,,"CCDS1290.1,ENSG00000116132.11,NM_022716.3,NP_073207,P54821,PHOX1,PMX1",ENSG00000116132.12,protein_coding
PTPN11,"protein tyrosine phosphatase, non-receptor type 11",5781.0,12:112419112-112504764,1,Yes,12q24.13,yes,,"JMML, AML, MDS",,,L,Dom,oncogene,Mis,,yes,Noonan Syndrome,"BPTP3,CCDS81741.1,ENSG00000179295.17,NS1,PTP2C,Q06124,SH-PTP2,SHP-2,SHP2",ENSG00000179295.19,protein_coding
PTPN6,"protein tyrosine phosphatase, non-receptor type 6",5777.0,12:6951271-6961316,2,,12p13.31,yes,,DLBCL,,,L,,TSG,Mis,,,,"CCDS44821.1,ENSG00000111679.16,HCP,HCPH,NM_080549.3,NP_536859,P29350,PTP-1C,SHP-1,SHP1",ENSG00000111679.17,protein_coding
PTPRC,"protein tyrosine phosphatase, receptor type, C",5788.0,1:198639007-198757476,1,,1q32.1,yes,,T-ALL,,,L,Rec,TSG,"Mis, N, S",,,,"CCDS1397.2,CD45,ENSG00000081237.19,GP180,LCA,NM_002838.4,NP_002829,P08575,T200",ENSG00000081237.20,protein_coding
PTPRK,"protein tyrosine phosphatase, receptor type, K",5796.0,6:127968977-128520476,1,,6q22.33,yes,,colorectal,,,E,Dom,"TSG, fusion",T,RSPO3,,,"CCDS78179.1,ENSG00000152894.14,NM_001291981.1,NP_001278910,Q15262,R-PTP-kappa",ENSG00000152894.15,protein_coding
PTPRT,"protein tyrosine phosphatase, receptor type T",11122.0,20:42072752-43189969,1,Yes,20q13.11,yes,,"HNSCC, colorectal cancer, gastric cancer, lung cancer, melanoma",,,E,,TSG,"Mis, N",,,,"CCDS68127.1,ENSG00000196090.12,KIAA0283,NM_133170.3,NP_573400,RPTPrho",ENSG00000196090.13,protein_coding
QKI,"QKI, KH domain containing, RNA binding",9444.0,6:163414643-163578596,1,Yes,6q26,yes,,"angiocentric glioma, colorectal cancer",,,"E, O",Dom,"oncogene, TSG","Mis, F, T",MYB,,,"CCDS5285.1,ENSG00000112531.16,NM_006775.2,NP_006766,Q96PU8,QK3",ENSG00000112531.17,protein_coding
RAC1,"ras-related C3 botulinum toxin substrate 1 (rho family, small GTP binding protein Rac1)",5879.0,7:6374539-6402520,1,Yes,7p22.1,yes,,"melanoma, carcinoma",,,E,Dom,oncogene,"Mis, F",,,,"CCDS5349.1,ENSG00000136238.17,NM_018890.3,NP_061485,P63000,Rac-1,TC-25,p21-Rac1",ENSG00000136238.19,protein_coding
RAD21,RAD21 homolog (S. pombe),5885.0,8:116845935-116874866,1,Yes,8q24.11,yes,,"AML, endometrium, colorectal, lung",,,"L, E",Rec,"oncogene, TSG","Mis, N, F",,yes,Cornelia de Lange syndrome-4,"CCDS6321.1,ENSG00000164754.14,KIAA0078,NM_006265.2,NP_006256,O60216,SCC1,hHR21",ENSG00000164754.16,protein_coding
RAD51,RAD51 recombinase,5888.0,15:40695174-40731593,2,,15q15.1,yes,,lung adenocarcinoma,,,E,,"fusion, oncogene",T,EGFR,,,"BRCC5,CCDS53931.1,ENSG00000051180.16,FANCR,HsRad51,HsT16930,NM_001164269.1,NP_001157741,Q06609,RAD51A,RECA",ENSG00000051180.17,protein_coding
RANBP2,RAN binding protein 2,5903.0,2:108719481-108785811,1,Yes,2q13,yes,,inflammatory myofibroblastic tumour,,,M,Dom,"TSG, fusion",T,ALK,,,"ADANE,ANE1,CCDS2079.1,ENSG00000153201.15,NM_006267.4,NP_006258,NUP358,P49792",ENSG00000153201.16,protein_coding
REL,v-rel reticuloendotheliosis viral oncogene homolog (avian),5966.0,2:60881521-60931610,1,,2p16.1,yes,,Hodgkin lymphoma,,,L,Dom,oncogene,A,,,,"CCDS1864.1,ENSG00000162924.14,I-Rel,NM_002908.3,NP_002899,Q04864,c-Rel",ENSG00000162924.15,protein_coding
RET,ret proto-oncogene,5979.0,10:43077027-43130351,1,Yes,10q11.21,yes,yes,"medullary thyroid, papillary thyroid, pheochromocytoma, NSCLC, Spitzoid tumour","medullary thyroid,  papillary thyroid, pheochromocytoma",multiple endocrine neoplasia 2A/2B,"E, O",Dom,"oncogene, fusion","T, Mis, N, F","H4, PRKAR1A, NCOA4, PCM1, GOLGA5, TRIM33, KTN1, TRIM27, HOOK3, KIF5B, CCDC6",yes,Hirschsprung disease,"CCDS7200.1,CDHF12,CDHR16,ENSG00000165731.18,HSCR1,MEN2A,MEN2B,MTC1,NM_020975.4,NP_066124,P07949,PTC,RET51",ENSG00000165731.21,protein_coding
RGS7,regulator of G protein signaling 7,6000.0,1:240775515-241357230,2,,1q43,yes,,melanoma,,,E,,,Mis,,,,"CCDS31071.1,ENSG00000182901.16,NM_002924.5,NP_002915,P49802",ENSG00000182901.18,protein_coding
RNF213,ring finger protein 213,57674.0,17:80260868-80398786,1,Yes,17q25.3,yes,,ALCL,,,L,Dom,fusion,T,ALK,,,"ALO17,C17orf27,CCDS58606.1,ENSG00000173821.19,KIAA1554,KIAA1618,MYMY2,NET57,NM_001256071.2,NP_001243000",ENSG00000173821.20,protein_coding
RUNX1T1,"runt-related transcription factor 1; translocated to, 1 (cyclin D-related)",862.0,8:91954967-92095654,1,Yes,8q21.3,yes,,AML,,,L,Dom,"oncogene, TSG, fusion",T,"KMT2A, RUNX1",,,"AML1T1,CBFA2T1,CCDS75766.1,CDR,ENSG00000079102.16,ETO,MTG8,NM_001198679.1,NP_001185608,ZMYND2",ENSG00000079102.16,protein_coding
RXRA,Retinoid X receptor alpha,6256.0,9:134326580-134437019,1,Yes,9q34.2,yes,,bladder carcinoma,,,E,,TSG,"F, Mis, N",,,,"CCDS35172.1,ENSG00000186350.9,NM_002957.5,NP_002948,NP_001278850.1,NP_001278849.1,NR2B1,P19793",ENSG00000186350.12,protein_coding
S100A7,S100 calcium binding protein A7,6278.0,1:153457744-153460701,2,,1q21.3,yes,,"melanoma, T-cell lymphoma",,,"L, O",,fusion,T,VAV1,,,"CCDS1039.1,ENSG00000143556.8,NM_002963.3,NP_002954,P31151,PSOR1,S100A7c",ENSG00000143556.9,protein_coding
SALL4,spalt like transcription factor 4,57167.0,20:51782331-51802520,1,Yes,20q13.2,yes,,"colorectal cancer, breast cancer, prostate cancer, glioblastoma, melanoma",,,E,,oncogene,"Mis, F",,,Duane-radial ray syndrome,"CCDS13438.1,ENSG00000101115.12,NM_020436.4,NP_065169,Q9UJQ4,ZNF797,dJ1112F19.1",ENSG00000101115.13,protein_coding
SDC4,syndecan 4,6385.0,20:45325288-45348424,1,,20q13.12,yes,,NSCLC,,,E,Dom,fusion,T,ROS1,,,"CCDS13350.1,ENSG00000124145.6,NM_002999.3,NP_002990,P31431,SYND4,amphiglycan,ryudocan",ENSG00000124145.6,protein_coding
SFRP4,secreted frizzled related protein 4,6424.0,7:37905932-37916915,1,,7p14.1,yes,,"colorectal cancer, melanoma, SCC, gastric cancer, oesophageal SCC",,,E,Rec,TSG,Mis,,yes,Pyle disease,"CCDS5453.1,ENSG00000106483.11,FRP-4,FRPHE,FRZB-2,NM_003014.3,NP_003005,Q6FHJ7,frpHE",ENSG00000106483.12,protein_coding
SH2B3,SH2B adaptor protein 3,10019.0,12:111405948-111451623,1,Yes,12q24.12,yes,,"MPN, sAML, erythrocytosis, B-ALL",,,L,Rec,TSG,"Mis, F, N",,yes,"Coeliac disease type 13; diabetes mellitus, insulin-dependent;","CCDS9153.1,ENSG00000111252.10,IDDM20,LNK,NM_005475.2,NP_005466,Q9UQQ2",ENSG00000111252.11,protein_coding
SIRPA,signal regulatory protein alpha,140885.0,20:1894508-1940592,2,,20p13,yes,,"HNSCC, colorectal cancer, Lung SCC",,,E,,TSG,"O, F",,,,"BIT,CCDS82593.1,CD172a,ENSG00000198053.11,MFR,MYD-1,P78324,P84,PTPNS1,SHPS-1,SHPS1,SIRP,SIRP-ALPHA-1,SIRPalpha,SIRPalpha2",ENSG00000198053.12,protein_coding
SMARCA4,"SWI/SNF related, matrix associated, actin dependent regulator of chromatin, subfamily a, member 4",6597.0,19:10960825-11062282,1,Yes,19p13.2,yes,,"NSCLC, SCCOHT",,,E,Rec,TSG,"F, N, Mis, S",,,,"BAF190,BRG1,CCDS12253.1,ENSG00000127616.18,FLJ39786,NM_003072.3,NP_003063,P51532,SNF2,SNF2-BETA,SNF2L4,SNF2LB,SWI2,hSNF2b",ENSG00000127616.20,protein_coding
SMO,smoothened homolog (Drosophila),6608.0,7:129188872-129213545,1,Yes,7q32.1,yes,,skin basal cell,,,E,Dom,oncogene,Mis,,,,"CCDS5811.1,ENSG00000128602.9,FZD11,NM_005631.4,NP_005622,Q99835,SMOH",ENSG00000128602.11,protein_coding
SOCS1,suppressor of cytokine signaling 1,8651.0,16:11254417-11256200,1,Yes,16p13.13,yes,,"Hodgkin lymphoma, PMBL",,,L,Rec,TSG,"F, O",,,,"CCDS10546.1,Cish1,ENSG00000185338.5,JAB,SOCS-1,SSI-1,TIP3",ENSG00000185338.7,protein_coding
SOS1,Ras/Rac guanine nucleotide exchange factor 1,6654.0,2:38981396-39121051,1,Yes,2p22.1,yes,,"lung adenocarcinoma, follicular thyroid adenoma",,,"E, O",,"oncogene, fusion","Mis, T",ALK,yes,Noonan Syndrome,"CCDS1802.1,ENSG00000115904.12,GF1,GINGF,HGF,Q07889",ENSG00000115904.15,protein_coding
SRSF2,serine/arginine-rich splicing factor 2,6427.0,17:76734115-76737333,1,Yes,17q25.1,yes,,"MDS, CLL",,,L,Dom,oncogene,Mis,,,,"CCDS11749.1,ENSG00000161547.16,NM_003016.4,NP_003007,PR264,Q01130,SC-35,SC35,SFRS2,SFRS2A",ENSG00000161547.17,protein_coding
STAG2,stromal antigen 2,10735.0,X:123960519-124101498,1,Yes,Xq25,yes,,"bladder carcinoma, glioblastoma, melanoma, Ewing's sarcoma, myeloid neoplasms",,,"E, L, M, O",Rec,TSG,"Mis, N, F, S",,,,"CCDS43990.1,ENSG00000101972.18,NM_001042749.2,NP_001036214,Q8N3U4,SA-2,SA2,SCC3B",ENSG00000101972.20,protein_coding
STAT3,signal transducer and activator of transcription 3 (acute-phase response factor),6774.0,17:42313324-42388568,1,Yes,17q21.2,yes,yes,T-cell large granular lymphocytic leukaemia,paediatric large granular lymphocytic leukaemia,,L,Dom,oncogene,"Mis,O",,yes,IPEX-like syndrome,"APRF,CCDS32656.1,ENSG00000168610.14,NM_139276.2,NP_003141.2,NP_644805.1,P40763",ENSG00000168610.16,protein_coding
STIL,SCL/TAL1 interrupting locus,6491.0,1:47250142-47314140,1,,1p33,yes,,T-ALL,,,L,Dom,"oncogene, fusion",T,TAL1,,,"CCDS41329.1,ENSG00000123473.15,MCPH7,NM_001048166.1,NP_001041631,Q15468,SIL",ENSG00000123473.17,protein_coding
SYK,spleen tyrosine kinase,6850.0,9:90801787-90898549,1,,9q22.2,yes,,"MDS, peripheral T-cell lymphoma",,,L,Dom,"oncogene, fusion",T,"ETV6, ITK",,,"CCDS6688.1,ENSG00000165025.14,NM_003177.6,NP_003168,P43405",ENSG00000165025.15,protein_coding
TAL1,T-cell acute lymphocytic leukemia 1 (SCL),6886.0,1:47216292-47229771,1,,1p33,yes,,lymphoblastic leukaemia/biphasic,,,L,Dom,"oncogene, fusion",T,"TRD, STIL",,,"CCDS547.1,ENSG00000162367.11,NM_003189.5,NP_003180,NP_001277332,NP_001277334,P17542,SCL,TCL5,bHLHa17",ENSG00000162367.12,protein_coding
TCF12,"transcription factor 12 (HTF4, helix-loop-helix transcription factors 4)",6938.0,15:56918623-57288514,1,,15q21.3,yes,,extraskeletal myxoid chondrosarcoma,,,M,Dom,fusion,T,NR4A3,,,"CCDS10160.1,ENSG00000140262.17,HEB,HTF4,HsT17266,NM_207037.1,NP_996920,NP_001309088,NP_996919,NP_001309081.1,Q99081,bHLHb20,p64",ENSG00000140262.18,protein_coding
TCF3,transcription factor 3 (E2A immunoglobulin enhancer binding factors E12/E47),6929.0,19:1609290-1652329,1,,19p13.3,yes,,pre B-ALL,,,L,Dom,"oncogene, TSG, fusion",T,"PBX1, HLF, TFPT",,,"CCDS12074.1,E2A,E47,ENSG00000071564.14,ITF1,MGC129647,MGC129648,NM_003200.3,NP_003191,NP_001338708.1,P15923,VDIR,bHLHb21,p75",ENSG00000071564.17,protein_coding
TCL1A,T-cell leukemia/lymphoma 1A,8115.0,14:95709968-95714196,1,Yes,14q32.13,yes,,T-CLL,,,L,Dom,"oncogene, fusion",T,TRA,,,"CCDS9941.1,ENSG00000100721.10,NM_021966.2,NP_068801,P56279,TCL1",ENSG00000100721.11,protein_coding
TENT5C,Terminal nucleotidyltransferase 5C,54855.0,1:117605934-117628372,1,Yes,1p12,yes,,MM,,,L,Rec,TSG,"Mis, F, O",,,,"CCDS896.1,ENSG00000183508.4,FAM46C,FLJ20202,NM_017709.3,NP_060179,Q5VWP2",ENSG00000183508.5,protein_coding
TFRC,"transferrin receptor (p90, CD71)",7037.0,3:196049284-196082189,2,,3q29,yes,,NHL,,,L,Dom,fusion,T,BCL6,,,"CCDS3312.1,CD71,ENSG00000072274.12,NM_001128148.2,NP_001121620,P02786,TFR1,p90",ENSG00000072274.13,protein_coding
TGFBR2,transforming growth factor beta receptor II,7048.0,3:30606601-30694142,1,Yes,3p24.1,yes,yes,"head and neck, colorectal",colorectal,Hereditary Nonpolyposis Colorectal Cancer type 6,E,Rec,TSG,"Mis, F, N",,yes,Loeys-Dietz syndrome 2,"CCDS33727.1,ENSG00000163513.17,MFS2,NM_001024847.2,NP_001020018,P37173,TBR-ii,TBRII",ENSG00000163513.19,protein_coding
TNC,tenascin C,3371.0,9:115020534-115118257,2,,9q33.1,yes,,"SCC, melanoma",,,E,,oncogene,Mis,,,,"CCDS6811.1,DFNA56,ENSG00000041982.15,HXB,MGC167029,NM_002160.3,NP_002151,P24821,TN",ENSG00000041982.16,protein_coding
TNFAIP3,"tumor necrosis factor, alpha-induced protein 3",7128.0,6:137867188-137883311,1,Yes,6q23.3,yes,,"marginal zone B-cell lymphomas, Hodgkin lymphoma, PMBL",,,L,Rec,TSG,"D, N, F",,,,"A20,CCDS5187.1,ENSG00000118503.14,NM_006290.3,NP_006281,NP_001257437,NP_001257436,OTUD7C,P21580",ENSG00000118503.16,protein_coding
TNFRSF14,"tumor necrosis factor receptor superfamily, member 14 (herpesvirus entry mediator)",8764.0,1:2556366-2563829,1,Yes,1p36.32,yes,,follicular lymphoma,,,L,Rec,TSG,"Mis, N, F",,,,"ATAR,CCDS44046.1,CD270,ENSG00000157873.17,HVEA,HVEM,LIGHTR,NM_003820.3,NP_003811,Q92956,TR2",ENSG00000157873.18,protein_coding
TNFRSF17,"tumor necrosis factor receptor superfamily, member 17",608.0,16:11965107-11968068,1,,16p13.13,yes,,intestinal T-cell lymphoma,,,L,Dom,"oncogene, fusion",T,IL2,,,"BCM,BCMA,CCDS10552.1,CD269,ENSG00000048462.10,NM_001192.2,NP_001183,Q02223,TNFRSF13A",ENSG00000048462.11,protein_coding
TPM3,tropomyosin 3,7170.0,1:154167465-154192211,1,,1q21.3,yes,,"papillary thyroid, ALCL, NSCLC, Spitzoid tumour",,,"E, L",Dom,"TSG, fusion",T,"NTRK1, ALK, ROS1",,,"CCDS41403.1,ENSG00000143549.19,NEM1,NM_152263.3,NP_689476,P06753,TRK",ENSG00000143549.21,protein_coding
TPM4,tropomyosin 4,7171.0,19:16067538-16102943,1,,19p13.12,yes,,ALCL,,,L,Dom,fusion,T,ALK,,,"CCDS46007.1,ENSG00000167460.15,NM_001145160.1,NP_001138632",ENSG00000167460.17,protein_coding
TRIM27,tripartite motif-containing 27,5987.0,6:28903002-28923989,1,,6p22.1,yes,,papillary thyroid,,,E,Dom,"oncogene, fusion",T,RET,,,"CCDS4654.1,ENSG00000204713.10,NM_006510.4,NP_006501,P14373,RFP,RNF76",ENSG00000204713.11,protein_coding
TSHR,thyroid stimulating hormone receptor,7253.0,14:80955043-81146302,2,,14q31.1,yes,,"toxic thyroid adenoma, thyroid gland follicular carcinoma",,,E,Dom,,Mis,,yes,familial non-autoimmune autosomal dominant hyperthyroidism,"CCDS9872.1,ENSG00000165409.17,LGR3",ENSG00000165409.18,protein_coding
VAV1,vav guanine nucleotide exchange factor 1,7409.0,19:6772726-6857107,2,,19p13.3,yes,,T-cell lymphoma,,,L,,fusion,T,"THAP4, MYO1F, S100A7",,,"CCDS12174.1,ENSG00000141968.7,NM_005428.3,NP_005419,P15498,VAV",ENSG00000141968.8,protein_coding
WAS,Wiskott-Aldrich syndrome,7454.0,X:48683779-48691427,1,Yes,Xp11.23,,yes,,lymphoma,Wiskott-Aldrich syndrome,L,Rec/X,oncogene,"Mis, N, F, S",,,,"CCDS14303.1,ENSG00000015285.10,IMD2,NM_000377.2,NP_000368,P42768,THC,WASP,WASPA",ENSG00000015285.11,protein_coding
WT1,Wilms tumour 1 gene,7490.0,11:32387775-32435630,1,Yes,11p13,yes,yes,"Wilms tumour, desmoplastic small round cell tumour",Wilms tumour,"Denys-Drash syndrome, Frasier syndrome, familial Wilms tumour",O,Rec,"oncogene, TSG, fusion","D, Mis, N, F, S, T",EWSR1,,,"AWT1,CCDS7878.2,ENSG00000184937.13,GUD,NM_024426.4,NPHS4,NP_077744,NP_077744.4,WAGR,WIT-2",ENSG00000184937.16,protein_coding
WWTR1,WW domain containing transcription regulator 1,25937.0,3:149517235-149703273,1,Yes,3q25.1,yes,,epithelioid haemangioendothelioma,,,M,Dom,"oncogene, fusion",T,CAMTA1,,,"CCDS3144.1,DKFZp586I1419,ENSG00000018408.14,NM_001348362.1,NP_001161750,NP_001335291.1,Q9GZV5,TAZ",ENSG00000018408.15,protein_coding
XPC,"xeroderma pigmentosum, complementation group C",7508.0,3:14145147-14178783,1,,3p25.1,,yes,,"skin basal cell, skin squamous cell, melanoma",xeroderma pigmentosum (C),E,Rec,TSG,"Mis, N, F, S",,,,"CCDS46763.1,ENSG00000154767.14,NM_004628.4,NP_004619,NP_001341658.1,Q01831,RAD4,XPCC",ENSG00000154767.15,protein_coding
ZEB1,zinc finger E-box binding homeobox 1,6935.0,10:31319172-31529813,2,,10p11.22,yes,,"CCRCC, melanoma",,,E,,oncogene,Mis,,,,"AREB6,BZP,CCDS53505.1,ENSG00000148516.21,FECD6,NIL-2-A,NM_001323676.1,NP_001167567,NP_001310600.1,NP_001310605.1,NP_001310574.1,NP_001310601.1,NP_001310602.1,NP_001310579.1,NP_001310590.1,NP_001310571.1,NP_001310572.1,NP_001310575.1,P37275,PPCD3,TCF8,ZEB,Zfhep,Zfhx1a",ENSG00000148516.23,protein_coding
ZNF331,zinc finger protein 331,55422.0,19:53521024-53580269,1,,19q13.42,yes,,follicular thyroid adenoma,,,E,Dom,"TSG, fusion",T,?,,,"CCDS33102.1,ENSG00000130844.16,NM_018555.5,NP_061025,NP_001304049,Q9NQX6,RITA,ZNF361,ZNF463",ENSG00000130844.19,protein_coding
